company,name,revenue,profit,marketcap,listed_value,name_score,name_entropy,metric_entropy,entropy_diff,entropy_match,zeta_score,gamma_scale,growth_score,prediction
"","エムビーエス",0,0,3889,,0.936842,1.849898,0.862298,0.987600,0,0.050624,0.986009,0.265862,NO-GROW
"","Lib_Work",0,0,19006,,0.826667,2.079442,0.862298,1.217144,0,0.247403,0.942219,0.311341,NO-GROW
"","フィット",0,0,3846,,0.969231,1.560710,0.862298,0.698412,1,0.050064,0.986157,1.000000,GROW
"","ITbookホールディングス",0,0,12963,,1.103226,2.422369,0.862298,1.560071,0,0.168741,0.957841,0.556541,NO-GROW
"","インタースペース",0,0,6452,,0.920000,1.907284,0.862298,1.044986,0,0.083986,0.977441,0.283330,NO-GROW
"","ケアネット",0,0,38294,,1.012500,1.709473,0.862298,0.847175,0,0.498477,0.906560,0.403654,NO-GROW
"","FRONTEO",0,0,76822,,0.765000,1.747868,0.862298,0.885570,0,1.000000,0.886227,0.385430,NO-GROW
"","ジーエヌアイグループ",0,0,65736,,1.038710,2.050980,0.862298,1.188682,0,0.855692,0.886098,0.610500,GROW
"","トライステージ",0,0,10254,,1.063636,1.974885,0.862298,1.112587,0,0.133477,0.965631,0.416900,NO-GROW
"","イオレ",0,0,2125,,0.880000,1.676988,0.862298,0.814690,0,0.027661,0.992204,0.161214,NO-GROW
"","トランスジェニック",0,0,7312,,1.092857,1.959883,0.862298,1.097585,0,0.095181,0.974677,0.418572,NO-GROW
"","ASJ",0,0,5033,,0.310000,1.098612,0.862298,0.236314,1,0.065515,0.982122,0.000000,NO-GROW
"","メディネット",0,0,9907,,1.042105,1.695865,0.862298,0.833568,0,0.128960,0.966666,0.319965,NO-GROW
"","総医研ホールディングス",0,0,8606,,1.111765,2.606664,0.862298,1.744366,0,0.112025,0.970621,0.580256,NO-GROW
"","アマナ",0,0,3186,,0.880000,1.676988,0.862298,0.814690,0,0.041472,0.988448,0.167408,NO-GROW
"","アスカネット",0,0,23681,,1.042105,1.801951,0.862298,0.939653,0,0.308258,0.931688,0.404163,NO-GROW
"","ユナイテッド",0,0,39333,,1.042105,1.695865,0.862298,0.833568,0,0.512002,0.905186,0.421585,NO-GROW
"","フルッタフルッタ",0,0,3142,,0.680000,1.560710,0.862298,0.698412,1,0.040900,0.988602,0.707897,GROW
"","ジェイフロンティア",0,0,12964,,1.092857,2.060008,0.862298,1.197710,0,0.168754,0.957839,0.468434,NO-GROW
"","ツクルバ",0,0,8026,,0.969231,1.748155,0.862298,0.885858,0,0.104475,0.972424,0.279054,NO-GROW
"","ランディックス",0,0,6863,,1.063636,1.855742,0.862298,0.993444,0,0.089336,0.976113,0.368690,NO-GROW
"","アールプランナー",0,0,8332,,1.040000,1.859587,0.862298,0.997289,0,0.108459,0.971470,0.361253,NO-GROW
"","タスキ",0,0,11192,,0.880000,1.464816,0.862298,0.602518,1,0.145687,0.962877,0.924618,GROW
"","ジェイグループホールディングス",0,0,5434,,0.960870,2.139184,0.862298,1.276886,0,0.070735,0.980784,0.367170,NO-GROW
"","海帆",0,0,8396,,0.691429,1.791759,0.862298,0.929462,0,0.109292,0.971271,0.080122,NO-GROW
"","ファンデリー",0,0,2053,,1.042105,1.846053,0.862298,0.983755,0,0.026724,0.992462,0.326894,NO-GROW
"","富士山マガジンサービス",0,0,2517,,1.111765,2.514446,0.862298,1.652148,0,0.032764,0.990806,0.534570,NO-GROW
"","夢展望",0,0,3405,,0.880000,2.043192,0.862298,1.180894,0,0.044323,0.987684,0.274165,NO-GROW
"","サンワカンパニー",0,0,11284,,0.960000,1.921442,0.862298,1.059144,0,0.146885,0.962610,0.337608,NO-GROW
"","ジェネレーションパス",0,0,3129,,1.070968,2.044268,0.862298,1.181970,0,0.040731,0.988648,0.406140,NO-GROW
"","ゼネラル・オイスター",0,0,4413,,1.103226,2.050980,0.862298,1.188682,0,0.057444,0.984216,0.435163,NO-GROW
"","イントランス",0,0,2488,,0.936842,1.831020,0.862298,0.968723,0,0.032387,0.990909,0.252563,NO-GROW
"","グランディーズ",0,0,1411,,1.063636,1.974885,0.862298,1.112587,0,0.018367,0.994782,0.373650,NO-GROW
"","トラストホールディングス",0,0,1551,,1.010811,2.062070,0.862298,1.199772,0,0.020190,0.994273,0.362036,NO-GROW
"","アンビション_DX_ホールディングス",0,0,3797,,1.072340,2.318834,0.862298,1.456536,0,0.049426,0.986326,0.475418,NO-GROW
"","cotta",0,0,5792,,0.600000,1.332179,0.862298,0.469881,1,0.075395,0.979599,0.526946,NO-GROW
"","ピクスタ",0,0,3119,,0.969231,1.748155,0.862298,0.885858,0,0.040600,0.988683,0.253856,NO-GROW
"","バルニバービ",0,0,8732,,0.884211,1.618849,0.862298,0.756551,1,0.113665,0.970233,0.983074,GROW
"","パルマ",0,0,2475,,0.880000,1.464816,0.862298,0.602518,1,0.032217,0.990955,0.862331,GROW
"","G-FACTORY",0,0,2812,,0.880000,2.197225,0.862298,1.334927,0,0.036604,0.989762,0.308293,NO-GROW
"","フォーライフ",0,0,2820,,0.989474,1.754004,0.862298,0.891706,0,0.036708,0.989733,0.267977,NO-GROW
"","ティーケーピー",0,0,55054,,0.927273,1.789728,0.862298,0.927430,0,0.716644,0.890340,0.426894,NO-GROW
"","GA_technologies",0,0,48947,,1.012500,2.523211,0.862298,1.660913,0,0.637148,0.894829,0.631618,GROW
"","アズーム",0,0,20454,,0.969231,1.791759,0.862298,0.929462,0,0.266252,0.938817,0.342223,NO-GROW
"","LeTech",0,0,2784,,0.691429,1.560710,0.862298,0.698412,1,0.036240,0.989860,0.717557,GROW
"","霞ヶ関キャピタル",0,0,21854,,1.080000,2.383540,0.862298,1.521242,0,0.284476,0.935649,0.564448,NO-GROW
"","農業総合研究所",0,0,9212,,1.063636,2.821564,0.862298,1.959266,0,0.119914,0.968764,0.589094,NO-GROW
"","ベガコーポレーション",0,0,6870,,1.038710,1.931133,0.862298,1.068835,0,0.089428,0.976091,0.373706,NO-GROW
"","スタジオアタオ",0,0,3678,,0.881818,1.615221,0.862298,0.752923,1,0.047877,0.986737,0.943093,GROW
"","リネットジャパングループ",0,0,6098,,1.118919,1.984018,0.862298,1.121720,0,0.079378,0.978594,0.435747,NO-GROW
