日付,銘柄名,コード,業種,TOPIXに占める個別銘柄のウエイト,ニューインデックス区分
20250829,極洋,1301,水産・農林業,0.0063%,TOPIX Small 2
20250829,ニッスイ,1332,水産・農林業,0.0322%,TOPIX Mid400
20250829,マルハニチロ,1333,水産・農林業,0.0157%,TOPIX Mid400
20250829,ユキグニファクトリー,1375,水産・農林業,0.0029%,TOPIX Small 2
20250829,カネコ種苗,1376,水産・農林業,0.0013%,TOPIX Small 2
20250829,サカタのタネ,1377,水産・農林業,0.0140%,TOPIX Small 1
20250829,ホクト,1379,水産・農林業,0.0054%,TOPIX Small 2
20250829,ショーボンドホールディングス,1414,建設業,0.0216%,TOPIX Mid400
20250829,ミライト・ワン,1417,建設業,0.0290%,TOPIX Mid400
20250829,タマホーム,1419,建設業,0.0073%,TOPIX Small 1
20250829,ｒｏｂｏｔ　ｈｏｍｅ,1435,不動産業,0.0011%,TOPIX Small 2
20250829,住石ホールディングス,1514,鉱業,0.0025%,TOPIX Small 1
20250829,日鉄鉱業,1515,鉱業,0.0110%,TOPIX Small 1
20250829,三井松島ホールディングス,1518,その他製品,0.0098%,TOPIX Small 1
20250829,ＩＮＰＥＸ,1605,鉱業,0.2718%,TOPIX Mid400
20250829,石油資源開発,1662,鉱業,0.0214%,TOPIX Small 1
20250829,Ｋ＆Ｏエナジーグループ,1663,鉱業,0.0047%,TOPIX Small 1
20250829,リョーサン菱洋ホールディングス,167A,卸売業,0.0110%,TOPIX Small 1
20250829,第一カッター興業,1716,建設業,0.0011%,TOPIX Small 2
20250829,安藤・間,1719,建設業,0.0319%,TOPIX Small 1
20250829,東急建設,1720,建設業,0.0113%,TOPIX Small 1
20250829,コムシスホールディングス,1721,建設業,0.0423%,TOPIX Mid400
20250829,ビーアールホールディングス,1726,建設業,0.0016%,TOPIX Small 2
20250829,高松コンストラクショングループ,1762,建設業,0.0078%,TOPIX Small 2
20250829,東建コーポレーション,1766,建設業,0.0099%,TOPIX Small 1
20250829,ヤマウラ,1780,建設業,0.0022%,TOPIX Small 2
20250829,オリエンタル白石,1786,建設業,0.0049%,TOPIX Small 2
20250829,大成建設,1801,建設業,0.2043%,TOPIX Mid400
20250829,大林組,1802,建設業,0.1779%,TOPIX Mid400
20250829,清水建設,1803,建設業,0.1222%,TOPIX Mid400
20250829,長谷工コーポレーション,1808,建設業,0.0502%,TOPIX Mid400
20250829,松井建設,1810,建設業,0.0030%,TOPIX Small 2
20250829,鹿島建設,1812,建設業,0.2196%,TOPIX Mid400
20250829,不動テトラ,1813,建設業,0.0037%,TOPIX Small 2
20250829,鉄建建設,1815,建設業,0.0048%,TOPIX Small 2
20250829,西松建設,1820,建設業,0.0183%,TOPIX Mid400
20250829,三井住友建設,1821,建設業,0.0108%,TOPIX Small 1
20250829,大豊建設,1822,建設業,0.0026%,TOPIX Small 2
20250829,奥村組,1833,建設業,0.0193%,TOPIX Small 1
20250829,東鉄工業,1835,建設業,0.0108%,TOPIX Small 1
20250829,淺沼組,1852,建設業,0.0077%,TOPIX Small 1
20250829,戸田建設,1860,建設業,0.0291%,TOPIX Mid400
20250829,熊谷組,1861,建設業,0.0176%,TOPIX Small 1
20250829,矢作建設工業,1870,建設業,0.0067%,TOPIX Small 2
20250829,ピーエス・コンストラクション,1871,建設業,0.0030%,TOPIX Small 2
20250829,日本ハウスホールディングス,1873,建設業,0.0016%,TOPIX Small 2
20250829,大東建託,1878,不動産業,0.1206%,TOPIX Mid400
20250829,新日本建設,1879,建設業,0.0060%,TOPIX Small 2
20250829,東亜道路工業,1882,建設業,0.0063%,TOPIX Small 2
20250829,日本道路,1884,建設業,0.0028%,TOPIX Small 1
20250829,東亜建設工業,1885,建設業,0.0147%,TOPIX Small 1
20250829,日本国土開発,1887,建設業,0.0034%,TOPIX Small 2
20250829,若築建設,1888,建設業,0.0038%,TOPIX Small 2
20250829,東洋建設,1890,建設業,0.0113%,TOPIX Small 1
20250829,五洋建設,1893,建設業,0.0314%,TOPIX Mid400
20250829,世紀東急工業,1898,建設業,0.0049%,TOPIX Small 1
20250829,福田組,1899,建設業,0.0045%,TOPIX Small 2
20250829,住友林業,1911,建設業,0.0984%,TOPIX Mid400
20250829,大和ハウス工業,1925,建設業,0.3547%,TOPIX Large70
20250829,ライト工業,1926,建設業,0.0141%,TOPIX Small 1
20250829,積水ハウス,1928,建設業,0.2273%,TOPIX Large70
20250829,日特建設,1929,建設業,0.0027%,TOPIX Small 2
20250829,北陸電気工事,1930,建設業,0.0023%,TOPIX Small 2
20250829,ユアテック,1934,建設業,0.0110%,TOPIX Small 2
20250829,日本リーテック,1938,建設業,0.0035%,TOPIX Small 2
20250829,四電工,1939,建設業,0.0039%,TOPIX Small 2
20250829,中電工,1941,建設業,0.0135%,TOPIX Small 1
20250829,関電工,1942,建設業,0.0490%,TOPIX Mid400
20250829,きんでん,1944,建設業,0.0813%,TOPIX Mid400
20250829,東京エネシス,1945,建設業,0.0041%,TOPIX Small 2
20250829,トーエネック,1946,建設業,0.0053%,TOPIX Small 2
20250829,住友電設,1949,建設業,0.0124%,TOPIX Small 1
20250829,日本電設工業,1950,建設業,0.0115%,TOPIX Small 2
20250829,エクシオグループ,1951,建設業,0.0506%,TOPIX Mid400
20250829,新日本空調,1952,建設業,0.0091%,TOPIX Small 2
20250829,九電工,1959,建設業,0.0345%,TOPIX Mid400
20250829,三機工業,1961,建設業,0.0234%,TOPIX Small 1
20250829,日揮ホールディングス,1963,建設業,0.0314%,TOPIX Mid400
20250829,中外炉工業,1964,建設業,0.0029%,TOPIX Small 2
20250829,太平電業,1968,建設業,0.0094%,TOPIX Small 2
20250829,高砂熱学工業,1969,建設業,0.0486%,TOPIX Mid400
20250829,朝日工業社,1975,建設業,0.0065%,TOPIX Small 2
20250829,明星工業,1976,建設業,0.0062%,TOPIX Small 2
20250829,大氣社,1979,建設業,0.0168%,TOPIX Small 1
20250829,ダイダン,1980,建設業,0.0228%,TOPIX Small 1
20250829,日比谷総合設備,1982,建設業,0.0084%,TOPIX Small 2
20250829,ニップン,2001,食料品,0.0181%,TOPIX Small 1
20250829,日清製粉グループ本社,2002,食料品,0.0401%,TOPIX Mid400
20250829,日東富士製粉,2003,食料品,0.0028%,TOPIX Small 2
20250829,昭和産業,2004,食料品,0.0057%,TOPIX Small 2
20250829,中部飼料,2053,食料品,0.0054%,TOPIX Small 2
20250829,フィード・ワン,2060,食料品,0.0037%,TOPIX Small 2
20250829,日本甜菜製糖,2108,食料品,0.0032%,TOPIX Small 2
20250829,ＤＭ三井製糖,2109,食料品,0.0070%,TOPIX Small 2
20250829,ウェルネオシュガー,2117,食料品,0.0031%,TOPIX Small 2
20250829,ＬＩＦＵＬＬ,2120,サービス業,0.0015%,TOPIX Small 2
20250829,ＭＩＸＩ,2121,サービス業,0.0140%,TOPIX Small 1
20250829,ジェイエイシーリクルートメント,2124,サービス業,0.0094%,TOPIX Small 1
20250829,日本Ｍ＆Ａセンターホールディングス,2127,サービス業,0.0261%,TOPIX Mid400
20250829,メンバーズ,2130,サービス業,0.0012%,TOPIX Small 2
20250829,ＵＴグループ,2146,サービス業,0.0084%,TOPIX Small 1
20250829,アイティメディア,2148,サービス業,0.0021%,TOPIX Small 2
20250829,ケアネット,2150,サービス業,0.0046%,TOPIX Small 2
20250829,Ｅ・Ｊホールディングス,2153,サービス業,0.0027%,TOPIX Small 2
20250829,オープンアップグループ,2154,サービス業,0.0145%,TOPIX Small 1
20250829,コシダカホールディングス,2157,サービス業,0.0089%,TOPIX Small 1
20250829,パソナグループ,2168,サービス業,0.0057%,TOPIX Small 1
20250829,リンクアンドモチベーション,2170,サービス業,0.0032%,TOPIX Small 1
20250829,エス・エム・エス,2175,サービス業,0.0143%,TOPIX Mid400
20250829,パーソルホールディングス,2181,サービス業,0.0592%,TOPIX Mid400
20250829,クックパッド,2193,サービス業,0.0008%,TOPIX Small 2
20250829,森永製菓,2201,食料品,0.0237%,TOPIX Mid400
20250829,中村屋,2204,食料品,0.0018%,TOPIX Small 2
20250829,江崎グリコ,2206,食料品,0.0317%,TOPIX Mid400
20250829,名糖産業,2207,食料品,0.0021%,TOPIX Small 2
20250829,井村屋グループ,2209,食料品,0.0031%,TOPIX Small 2
20250829,不二家,2211,食料品,0.0039%,TOPIX Small 2
20250829,山崎製パン,2212,食料品,0.0516%,TOPIX Mid400
20250829,モロゾフ,2217,食料品,0.0033%,TOPIX Small 2
20250829,亀田製菓,2220,食料品,0.0059%,TOPIX Small 1
20250829,寿スピリッツ,2222,食料品,0.0244%,TOPIX Mid400
20250829,カルビー,2229,食料品,0.0276%,TOPIX Mid400
20250829,森永乳業,2264,食料品,0.0277%,TOPIX Mid400
20250829,六甲バター,2266,食料品,0.0022%,TOPIX Small 2
20250829,ヤクルト本社,2267,食料品,0.0752%,TOPIX Mid400
20250829,明治ホールディングス,2269,食料品,0.0888%,TOPIX Mid400
20250829,雪印メグミルク,2270,食料品,0.0172%,TOPIX Small 1
20250829,プリマハム,2281,食料品,0.0072%,TOPIX Small 1
20250829,日本ハム,2282,食料品,0.0520%,TOPIX Mid400
20250829,丸大食品,2288,食料品,0.0045%,TOPIX Small 2
20250829,Ｓ　Ｆｏｏｄｓ,2292,食料品,0.0067%,TOPIX Small 1
20250829,柿安本店,2294,食料品,0.0026%,TOPIX Small 2
20250829,伊藤ハム米久ホールディングス,2296,食料品,0.0195%,TOPIX Small 1
20250829,学情,2301,サービス業,0.0020%,TOPIX Small 2
20250829,スタジオアリス,2305,サービス業,0.0025%,TOPIX Small 2
20250829,クロスキャット,2307,情報・通信業,0.0015%,TOPIX Small 2
20250829,システナ,2317,情報・通信業,0.0163%,TOPIX Small 1
20250829,ＮＪＳ,2325,サービス業,0.0032%,TOPIX Small 2
20250829,デジタルアーツ,2326,情報・通信業,0.0113%,TOPIX Small 1
20250829,日鉄ソリューションズ,2327,情報・通信業,0.0275%,TOPIX Mid400
20250829,ＡＬＳＯＫ,2331,サービス業,0.0443%,TOPIX Mid400
20250829,キューブシステム,2335,情報・通信業,0.0014%,TOPIX Small 2
20250829,いちご,2337,不動産業,0.0083%,TOPIX Small 1
20250829,日本駐車場開発,2353,不動産業,0.0078%,TOPIX Small 1
20250829,コア,2359,情報・通信業,0.0021%,TOPIX Small 2
20250829,カカクコム,2371,サービス業,0.0468%,TOPIX Mid400
20250829,セントケア・ホールディング,2374,サービス業,0.0012%,TOPIX Small 2
20250829,ルネサンス,2378,サービス業,0.0023%,TOPIX Small 2
20250829,ディップ,2379,サービス業,0.0097%,TOPIX Small 1
20250829,ＳＢＳホールディングス,2384,陸運業,0.0073%,TOPIX Small 1
20250829,デジタルホールディングス,2389,サービス業,0.0022%,TOPIX Small 2
20250829,新日本科学,2395,サービス業,0.0042%,TOPIX Small 2
20250829,エムスリー,2413,サービス業,0.1018%,TOPIX Mid400
20250829,ワールドホールディングス,2429,サービス業,0.0028%,TOPIX Small 2
20250829,ディー・エヌ・エー,2432,サービス業,0.0211%,TOPIX Mid400
20250829,博報堂ＤＹホールディングス,2433,サービス業,0.0316%,TOPIX Mid400
20250829,ぐるなび,2440,サービス業,0.0010%,TOPIX Small 2
20250829,タカミヤ,2445,サービス業,0.0012%,TOPIX Small 2
20250829,ファンコミュニケーションズ,2461,サービス業,0.0018%,TOPIX Small 2
20250829,ライク,2462,サービス業,0.0018%,TOPIX Small 2
20250829,エスプール,2471,サービス業,0.0020%,TOPIX Small 2
20250829,ＷＤＢホールディングス,2475,サービス業,0.0021%,TOPIX Small 2
20250829,手間いらず,2477,情報・通信業,0.0010%,TOPIX Small 2
20250829,アドウェイズ,2489,サービス業,0.0007%,TOPIX Small 2
20250829,バリューコマース,2491,サービス業,0.0017%,TOPIX Small 2
20250829,インフォマート,2492,サービス業,0.0083%,TOPIX Small 1
20250829,サッポロホールディングス,2501,食料品,0.0509%,TOPIX Mid400
20250829,アサヒグループホールディングス,2502,食料品,0.3147%,TOPIX Large70
20250829,キリンホールディングス,2503,食料品,0.2008%,TOPIX Large70
20250829,シマダヤ,250A,食料品,0.0011%,TOPIX Small 2
20250829,宝ホールディングス,2531,食料品,0.0258%,TOPIX Mid400
20250829,オエノンホールディングス,2533,食料品,0.0040%,TOPIX Small 2
20250829,養命酒製造,2540,食料品,0.0029%,TOPIX Small 2
20250829,飛島ホールディングス,256A,建設業,0.0049%,TOPIX Small 2
20250829,コカ・コーラ　ボトラーズジャパンホールディングス,2579,食料品,0.0404%,TOPIX Mid400
20250829,ライフドリンク　カンパニー,2585,食料品,0.0129%,TOPIX Small 2
20250829,サントリー食品インターナショナル,2587,食料品,0.0725%,TOPIX Mid400
20250829,ダイドーグループホールディングス,2590,食料品,0.0063%,TOPIX Small 1
20250829,伊藤園,2593,食料品,0.0247%,TOPIX Mid400
20250829,キーコーヒー,2594,食料品,0.0050%,TOPIX Small 2
20250829,日清オイリオグループ,2602,食料品,0.0165%,TOPIX Small 1
20250829,不二製油,2607,食料品,0.0165%,TOPIX Mid400
20250829,Ｊ－オイルミルズ,2613,食料品,0.0053%,TOPIX Small 2
20250829,インターメスティック,262A,小売業,0.0028%,TOPIX Small 2
20250829,サンエー,2659,小売業,0.0117%,TOPIX Small 1
20250829,カワチ薬品,2664,小売業,0.0053%,TOPIX Small 1
20250829,エービーシー・マート,2670,小売業,0.0311%,TOPIX Mid400
20250829,ハードオフコーポレーション,2674,小売業,0.0017%,TOPIX Small 2
20250829,高千穂交易,2676,卸売業,0.0037%,TOPIX Small 2
20250829,アスクル,2678,小売業,0.0086%,TOPIX Small 1
20250829,ゲオホールディングス,2681,小売業,0.0045%,TOPIX Small 1
20250829,アダストリア,2685,小売業,0.0101%,TOPIX Small 1
20250829,リガク・ホールディングス,268A,精密機器,0.0115%,TOPIX Small 2
20250829,伊藤忠食品,2692,卸売業,0.0055%,TOPIX Small 2
20250829,くら寿司,2695,小売業,0.0107%,TOPIX Small 1
20250829,キャンドゥ,2698,小売業,0.0032%,TOPIX Small 2
20250829,パルグループホールディングス,2726,小売業,0.0285%,TOPIX Small 1
20250829,エディオン,2730,小売業,0.0214%,TOPIX Small 1
20250829,あらた,2733,卸売業,0.0113%,TOPIX Small 1
20250829,サーラコーポレーション,2734,小売業,0.0051%,TOPIX Small 2
20250829,トーメンデバイス,2737,卸売業,0.0022%,TOPIX Small 2
20250829,ハローズ,2742,小売業,0.0050%,TOPIX Small 2
20250829,ＪＰホールディングス,2749,サービス業,0.0037%,TOPIX Small 1
20250829,フジオフードグループ本社,2752,小売業,0.0045%,TOPIX Small 1
20250829,あみやき亭,2753,小売業,0.0027%,TOPIX Small 2
20250829,東京エレクトロン　デバイス,2760,卸売業,0.0070%,TOPIX Small 1
20250829,円谷フィールズホールディングス,2767,卸売業,0.0083%,TOPIX Small 1
20250829,双日,2768,卸売業,0.1055%,TOPIX Mid400
20250829,アルフレッサ　ホールディングス,2784,卸売業,0.0474%,TOPIX Mid400
20250829,大黒天物産,2791,小売業,0.0065%,TOPIX Small 1
20250829,ハニーズホールディングス,2792,小売業,0.0033%,TOPIX Small 2
20250829,キッコーマン,2801,食料品,0.0951%,TOPIX Mid400
20250829,味の素,2802,食料品,0.4147%,TOPIX Large70
20250829,ブルドックソース,2804,食料品,0.0025%,TOPIX Small 2
20250829,キユーピー,2809,食料品,0.0502%,TOPIX Mid400
20250829,ハウス食品グループ本社,2810,食料品,0.0215%,TOPIX Mid400
20250829,カゴメ,2811,食料品,0.0348%,TOPIX Mid400
20250829,アリアケジャパン,2815,食料品,0.0136%,TOPIX Small 1
20250829,エバラ食品工業,2819,食料品,0.0015%,TOPIX Small 2
20250829,キオクシアホールディングス,285A,電気機器,0.0360%,TOPIX Small 2
20250829,ニチレイ,2871,食料品,0.0299%,TOPIX Mid400
20250829,横浜冷凍,2874,卸売業,0.0071%,TOPIX Small 2
20250829,東洋水産,2875,食料品,0.1065%,TOPIX Mid400
20250829,イートアンドホールディングス,2882,食料品,0.0024%,TOPIX Small 2
20250829,ヨシムラ・フード・ホールディングス,2884,食料品,0.0011%,TOPIX Small 2
20250829,日清食品ホールディングス,2897,食料品,0.0778%,TOPIX Mid400
20250829,フジッコ,2908,食料品,0.0038%,TOPIX Small 2
20250829,ロック・フィールド,2910,食料品,0.0040%,TOPIX Small 1
20250829,日本たばこ産業,2914,食料品,0.6430%,TOPIX Core30
20250829,ケンコーマヨネーズ,2915,食料品,0.0026%,TOPIX Small 2
20250829,わらべや日洋ホールディングス,2918,食料品,0.0043%,TOPIX Small 1
20250829,なとり,2922,食料品,0.0028%,TOPIX Small 2
20250829,ファーマフーズ,2929,食料品,0.0029%,TOPIX Small 2
20250829,北の達人コーポレーション,2930,化学,0.0014%,TOPIX Small 2
20250829,ユーグレナ,2931,食料品,0.0069%,TOPIX Small 1
20250829,紀文食品,2933,食料品,0.0022%,TOPIX Small 2
20250829,ピックルスホールディングス,2935,食料品,0.0013%,TOPIX Small 2
20250829,スター・マイカ・ホールディングス,2975,不動産業,0.0027%,TOPIX Small 2
20250829,ＳＲＥホールディングス,2980,不動産業,0.0028%,TOPIX Small 1
20250829,片倉工業,3001,繊維製品,0.0067%,TOPIX Small 2
20250829,グンゼ,3002,繊維製品,0.0122%,TOPIX Small 1
20250829,ヒューリック,3003,不動産業,0.1041%,TOPIX Mid400
20250829,ラサ商事,3023,卸売業,0.0021%,TOPIX Small 2
20250829,アルペン,3028,小売業,0.0055%,TOPIX Small 1
20250829,ラクーンホールディングス,3031,情報・通信業,0.0012%,TOPIX Small 2
20250829,クオールホールディングス,3034,小売業,0.0061%,TOPIX Small 1
20250829,アルコニックス,3036,卸売業,0.0075%,TOPIX Small 1
20250829,神戸物産,3038,卸売業,0.0869%,TOPIX Mid400
20250829,ソリトンシステムズ,3040,情報・通信業,0.0016%,TOPIX Small 2
20250829,ジンズホールディングス,3046,小売業,0.0131%,TOPIX Small 1
20250829,ビックカメラ,3048,小売業,0.0205%,TOPIX Mid400
20250829,ＤＣＭホールディングス,3050,小売業,0.0185%,TOPIX Small 1
20250829,ペッパーフードサービス,3053,小売業,0.0015%,TOPIX Small 2
20250829,ＭｏｎｏｔａＲＯ,3064,小売業,0.0876%,TOPIX Mid400
20250829,あい　ホールディングス,3076,卸売業,0.0113%,TOPIX Small 1
20250829,Ｊ．フロント　リテイリング,3086,小売業,0.0640%,TOPIX Mid400
20250829,ドトール・日レスホールディングス,3087,小売業,0.0110%,TOPIX Small 1
20250829,マツキヨココカラ＆カンパニー,3088,小売業,0.1286%,TOPIX Mid400
20250829,ブロンコビリー,3091,小売業,0.0054%,TOPIX Small 1
20250829,ＺＯＺＯ,3092,小売業,0.0735%,TOPIX Mid400
20250829,トレジャー・ファクトリー,3093,小売業,0.0030%,TOPIX Small 2
20250829,物語コーポレーション,3097,小売業,0.0197%,TOPIX Small 1
20250829,三越伊勢丹ホールディングス,3099,小売業,0.0889%,TOPIX Mid400
20250829,東洋紡,3101,繊維製品,0.0108%,TOPIX Small 1
20250829,ユニチカ,3103,繊維製品,0.0016%,TOPIX Small 2
20250829,富士紡ホールディングス,3104,繊維製品,0.0056%,TOPIX Small 2
20250829,日清紡ホールディングス,3105,電気機器,0.0202%,TOPIX Mid400
20250829,倉敷紡績,3106,繊維製品,0.0118%,TOPIX Small 2
20250829,ダイワボウホールディングス,3107,卸売業,0.0338%,TOPIX Mid400
20250829,シキボウ,3109,繊維製品,0.0017%,TOPIX Small 2
20250829,日東紡績,3110,ガラス・土石製品,0.0140%,TOPIX Small 1
20250829,トヨタ紡織,3116,輸送用機器,0.0234%,TOPIX Mid400
20250829,マクニカホールディングス,3132,卸売業,0.0374%,TOPIX Mid400
20250829,Ｈａｍｅｅ,3134,小売業,0.0015%,TOPIX Small 2
20250829,ラクト・ジャパン,3139,卸売業,0.0041%,TOPIX Small 2
20250829,ウエルシアホールディングス,3141,小売業,0.0326%,TOPIX Mid400
20250829,クリエイトＳＤホールディングス,3148,小売業,0.0118%,TOPIX Small 1
20250829,グリムス,3150,電気・ガス業,0.0026%,TOPIX Small 2
20250829,バイタルケーエスケー・ホールディングス,3151,卸売業,0.0042%,TOPIX Small 2
20250829,八洲電機,3153,卸売業,0.0043%,TOPIX Small 2
20250829,メディアスホールディングス,3154,卸売業,0.0013%,TOPIX Small 2
20250829,レスター,3156,卸売業,0.0054%,TOPIX Small 2
20250829,ＴＯＫＡＩホールディングス,3167,卸売業,0.0138%,TOPIX Small 1
20250829,三洋貿易,3176,卸売業,0.0048%,TOPIX Small 2
20250829,シュッピン,3179,小売業,0.0028%,TOPIX Small 2
20250829,ビューティガレージ,3180,卸売業,0.0011%,TOPIX Small 2
20250829,オイシックス・ラ・大地,3182,小売業,0.0064%,TOPIX Small 1
20250829,ウイン・パートナーズ,3183,卸売業,0.0024%,TOPIX Small 2
20250829,ネクステージ,3186,小売業,0.0121%,TOPIX Small 1
20250829,ジョイフル本田,3191,小売業,0.0140%,TOPIX Small 1
20250829,エターナルホスピタリティグループ,3193,小売業,0.0030%,TOPIX Small 2
20250829,ホットランドホールディングス,3196,小売業,0.0037%,TOPIX Small 2
20250829,すかいらーくホールディングス,3197,小売業,0.0978%,TOPIX Mid400
20250829,ＳＦＰホールディングス,3198,小売業,0.0030%,TOPIX Small 2
20250829,綿半ホールディングス,3199,小売業,0.0031%,TOPIX Small 2
20250829,日本毛織,3201,繊維製品,0.0094%,TOPIX Small 1
20250829,ヨシックスホールディングス,3221,小売業,0.0021%,TOPIX Small 2
20250829,ユナイテッド・スーパーマーケット・ホールディングス,3222,小売業,0.0099%,TOPIX Small 1
20250829,野村不動産ホールディングス,3231,不動産業,0.0647%,TOPIX Mid400
20250829,三重交通グループホールディングス,3232,不動産業,0.0026%,TOPIX Small 2
20250829,ディア・ライフ,3245,不動産業,0.0046%,TOPIX Small 2
20250829,地主,3252,不動産業,0.0057%,TOPIX Small 2
20250829,フィル・カンパニー,3267,建設業,0.0004%,TOPIX Small 2
20250829,ＪＰＭＣ,3276,不動産業,0.0016%,TOPIX Small 2
20250829,フージャースホールディングス,3284,不動産業,0.0045%,TOPIX Small 2
20250829,オープンハウスグループ,3288,不動産業,0.0548%,TOPIX Mid400
20250829,東急不動産ホールディングス,3289,不動産業,0.0807%,TOPIX Mid400
20250829,飯田グループホールディングス,3291,不動産業,0.0502%,TOPIX Mid400
20250829,帝国繊維,3302,繊維製品,0.0072%,TOPIX Small 2
20250829,日本コークス工業,3315,石油・石炭製品,0.0024%,TOPIX Small 2
20250829,ゴルフダイジェスト・オンライン,3319,小売業,0.0003%,TOPIX Small 2
20250829,あさひ,3333,小売業,0.0028%,TOPIX Small 2
20250829,日本調剤,3341,小売業,0.0063%,TOPIX Small 2
20250829,コスモス薬品,3349,小売業,0.0427%,TOPIX Mid400
20250829,シップヘルスケアホールディングス,3360,卸売業,0.0198%,TOPIX Mid400
20250829,ソフトクリエイトホールディングス,3371,情報・通信業,0.0038%,TOPIX Small 2
20250829,セブン＆アイ・ホールディングス,3382,小売業,0.5127%,TOPIX Core30
20250829,クリエイト・レストランツ・ホールディングス,3387,小売業,0.0290%,TOPIX Small 1
20250829,明治電機工業,3388,卸売業,0.0025%,TOPIX Small 2
20250829,ツルハホールディングス,3391,小売業,0.0483%,TOPIX Mid400
20250829,サンマルクホールディングス,3395,小売業,0.0062%,TOPIX Small 2
20250829,トリドールホールディングス,3397,小売業,0.0338%,TOPIX Mid400
20250829,帝人,3401,繊維製品,0.0278%,TOPIX Mid400
20250829,東レ,3402,繊維製品,0.1667%,TOPIX Mid400
20250829,クラレ,3405,化学,0.0544%,TOPIX Mid400
20250829,旭化成,3407,化学,0.1841%,TOPIX Large70
20250829,ＴＯＫＹＯ　ＢＡＳＥ,3415,小売業,0.0013%,TOPIX Small 2
20250829,稲葉製作所,3421,金属製品,0.0022%,TOPIX Small 2
20250829,宮地エンジニアリンググループ,3431,金属製品,0.0058%,TOPIX Small 1
20250829,トーカロ,3433,金属製品,0.0145%,TOPIX Small 1
20250829,ＳＵＭＣＯ,3436,金属製品,0.0561%,TOPIX Mid400
20250829,川田テクノロジーズ,3443,金属製品,0.0061%,TOPIX Small 2
20250829,ＲＳ　Ｔｅｃｈｎｏｌｏｇｉｅｓ,3445,金属製品,0.0058%,TOPIX Small 1
20250829,Ａｎｄ　Ｄｏホールディングス,3457,不動産業,0.0015%,TOPIX Small 2
20250829,ケイアイスター不動産,3465,不動産業,0.0064%,TOPIX Small 1
20250829,グッドコムアセット,3475,不動産業,0.0036%,TOPIX Small 2
20250829,ジェイ・エス・ビー,3480,不動産業,0.0037%,TOPIX Small 2
20250829,ロードスターキャピタル,3482,不動産業,0.0039%,TOPIX Small 2
20250829,アズーム,3496,不動産業,0.0018%,TOPIX Small 2
20250829,霞ヶ関キャピタル,3498,不動産業,0.0172%,TOPIX Small 1
20250829,ＪＭホールディングス,3539,小売業,0.0050%,TOPIX Small 2
20250829,コメダホールディングス,3543,卸売業,0.0193%,TOPIX Small 1
20250829,アレンザホールディングス,3546,小売業,0.0019%,TOPIX Small 2
20250829,串カツ田中ホールディングス,3547,小売業,0.0019%,TOPIX Small 2
20250829,バロックジャパンリミテッド,3548,小売業,0.0022%,TOPIX Small 2
20250829,クスリのアオキホールディングス,3549,小売業,0.0247%,TOPIX Mid400
20250829,力の源ホールディングス,3561,小売業,0.0027%,TOPIX Small 2
20250829,ＦＯＯＤ　＆　ＬＩＦＥ　ＣＯＭＰＡＮＩＥＳ,3563,小売業,0.1188%,TOPIX Mid400
20250829,アセンテック,3565,卸売業,0.0016%,TOPIX Small 2
20250829,セーレン,3569,繊維製品,0.0135%,TOPIX Small 1
20250829,小松マテーレ,3580,繊維製品,0.0026%,TOPIX Small 2
20250829,ワコールホールディングス,3591,繊維製品,0.0246%,TOPIX Mid400
20250829,ホギメディカル,3593,繊維製品,0.0163%,TOPIX Small 1
20250829,ＴＳＩホールディングス,3608,繊維製品,0.0075%,TOPIX Small 1
20250829,ワールド,3612,繊維製品,0.0107%,TOPIX Small 1
20250829,ＴＩＳ,3626,情報・通信業,0.1197%,TOPIX Mid400
20250829,グリーホールディングス,3632,情報・通信業,0.0034%,TOPIX Small 1
20250829,ＧＭＯペパボ,3633,情報・通信業,0.0005%,TOPIX Small 2
20250829,コーエーテクモホールディングス,3635,情報・通信業,0.0335%,TOPIX Mid400
20250829,三菱総合研究所,3636,情報・通信業,0.0053%,TOPIX Small 1
20250829,ファインデックス,3649,情報・通信業,0.0014%,TOPIX Small 2
20250829,ブレインパッド,3655,情報・通信業,0.0022%,TOPIX Small 2
20250829,ＫＬａｂ,3656,情報・通信業,0.0009%,TOPIX Small 2
20250829,ポールトゥウィンホールディングス,3657,情報・通信業,0.0012%,TOPIX Small 2
20250829,ネクソン,3659,情報・通信業,0.1895%,TOPIX Mid400
20250829,アイスタイル,3660,情報・通信業,0.0049%,TOPIX Small 1
20250829,エムアップホールディングス,3661,情報・通信業,0.0070%,TOPIX Small 1
20250829,エイチームホールディングス,3662,情報・通信業,0.0022%,TOPIX Small 2
20250829,セルシス,3663,情報・通信業,0.0054%,TOPIX Small 2
20250829,エニグモ,3665,情報・通信業,0.0008%,TOPIX Small 2
20250829,コロプラ,3668,情報・通信業,0.0041%,TOPIX Small 1
20250829,ブロードリーフ,3673,情報・通信業,0.0064%,TOPIX Small 1
20250829,デジタルハーツホールディングス,3676,情報・通信業,0.0016%,TOPIX Small 2
20250829,メディアドゥ,3678,情報・通信業,0.0019%,TOPIX Small 2
20250829,じげん,3679,情報・通信業,0.0030%,TOPIX Small 1
20250829,ブイキューブ,3681,情報・通信業,0.0005%,TOPIX Small 2
20250829,フィックスターズ,3687,情報・通信業,0.0060%,TOPIX Small 2
20250829,ＣＡＲＴＡ　ＨＯＬＤＩＮＧＳ,3688,情報・通信業,0.0027%,TOPIX Small 2
20250829,北里コーポレーション,368A,精密機器,0.0028%,TOPIX Small 2
20250829,オプティム,3694,情報・通信業,0.0013%,TOPIX Small 2
20250829,セレス,3696,情報・通信業,0.0027%,TOPIX Small 2
20250829,ＳＨＩＦＴ,3697,情報・通信業,0.0316%,TOPIX Mid400
20250829,特種東海製紙,3708,パルプ・紙,0.0047%,TOPIX Small 2
20250829,セック,3741,情報・通信業,0.0018%,TOPIX Small 2
20250829,テクマトリックス,3762,情報・通信業,0.0099%,TOPIX Small 1
20250829,プロシップ,3763,情報・通信業,0.0032%,TOPIX Small 2
20250829,ガンホー・オンライン・エンターテイメント,3765,情報・通信業,0.0148%,TOPIX Mid400
20250829,ＧＭＯペイメントゲートウェイ,3769,情報・通信業,0.0390%,TOPIX Mid400
20250829,システムリサーチ,3771,情報・通信業,0.0033%,TOPIX Small 2
20250829,インターネットイニシアティブ,3774,情報・通信業,0.0350%,TOPIX Mid400
20250829,さくらインターネット,3778,情報・通信業,0.0108%,TOPIX Small 1
20250829,ＧＭＯグローバルサイン・ホールディングス,3788,情報・通信業,0.0016%,TOPIX Small 2
20250829,ＳＲＡホールディングス,3817,情報・通信業,0.0061%,TOPIX Small 2
20250829,朝日ネット,3834,情報・通信業,0.0017%,TOPIX Small 2
20250829,ｅＢＡＳＥ,3835,情報・通信業,0.0016%,TOPIX Small 2
20250829,アバントグループ,3836,情報・通信業,0.0049%,TOPIX Small 2
20250829,アドソル日進,3837,情報・通信業,0.0025%,TOPIX Small 2
20250829,フリービット,3843,情報・通信業,0.0020%,TOPIX Small 2
20250829,コムチュア,3844,情報・通信業,0.0052%,TOPIX Small 1
20250829,アステリア,3853,情報・通信業,0.0033%,TOPIX Small 2
20250829,アイル,3854,情報・通信業,0.0036%,TOPIX Small 2
20250829,王子ホールディングス,3861,パルプ・紙,0.0706%,TOPIX Mid400
20250829,日本製紙,3863,パルプ・紙,0.0145%,TOPIX Small 1
20250829,北越コーポレーション,3865,パルプ・紙,0.0132%,TOPIX Small 1
20250829,大王製紙,3880,パルプ・紙,0.0101%,TOPIX Small 1
20250829,マークラインズ,3901,情報・通信業,0.0028%,TOPIX Small 2
20250829,メディカル・データ・ビジョン,3902,情報・通信業,0.0013%,TOPIX Small 2
20250829,ｇｕｍｉ,3903,情報・通信業,0.0026%,TOPIX Small 2
20250829,テラスカイ,3915,情報・通信業,0.0020%,TOPIX Small 2
20250829,デジタル・インフォメーション・テクノロジー,3916,情報・通信業,0.0031%,TOPIX Small 2
20250829,ネオジャパン,3921,情報・通信業,0.0012%,TOPIX Small 2
20250829,ＰＲ　ＴＩＭＥＳ,3922,情報・通信業,0.0014%,TOPIX Small 2
20250829,ラクス,3923,情報・通信業,0.0285%,TOPIX Mid400
20250829,ダブルスタンダード,3925,情報・通信業,0.0015%,TOPIX Small 2
20250829,オープンドア,3926,情報・通信業,0.0008%,TOPIX Small 2
20250829,アカツキ,3932,情報・通信業,0.0034%,TOPIX Small 2
20250829,Ｕｂｉｃｏｍホールディングス,3937,情報・通信業,0.0008%,TOPIX Small 2
20250829,カナミックネットワーク,3939,情報・通信業,0.0015%,TOPIX Small 2
20250829,レンゴー,3941,パルプ・紙,0.0193%,TOPIX Mid400
20250829,トーモク,3946,パルプ・紙,0.0044%,TOPIX Small 2
20250829,ザ・パック,3950,パルプ・紙,0.0054%,TOPIX Small 2
20250829,チェンジホールディングス,3962,情報・通信業,0.0067%,TOPIX Small 1
20250829,オークネット,3964,情報・通信業,0.0041%,TOPIX Small 2
20250829,オロ,3983,情報・通信業,0.0026%,TOPIX Small 2
20250829,ユーザーローカル,3984,情報・通信業,0.0023%,TOPIX Small 2
20250829,ＰＫＳＨＡ　Ｔｅｃｈｎｏｌｏｇｙ,3993,情報・通信業,0.0101%,TOPIX Small 2
20250829,マネーフォワード,3994,情報・通信業,0.0339%,TOPIX Mid400
20250829,レゾナック・ホールディングス,4004,化学,0.0863%,TOPIX Mid400
20250829,住友化学,4005,化学,0.0823%,TOPIX Mid400
20250829,住友精化,4008,化学,0.0049%,TOPIX Small 1
20250829,日産化学,4021,化学,0.0614%,TOPIX Mid400
20250829,ラサ工業,4022,化学,0.0037%,TOPIX Small 2
20250829,クレハ,4023,化学,0.0164%,TOPIX Small 1
20250829,多木化学,4025,化学,0.0032%,TOPIX Small 2
20250829,テイカ,4027,化学,0.0021%,TOPIX Small 2
20250829,石原産業,4028,化学,0.0094%,TOPIX Small 1
20250829,日本曹達,4041,化学,0.0172%,TOPIX Small 1
20250829,東ソー,4042,化学,0.0716%,TOPIX Mid400
20250829,トクヤマ,4043,化学,0.0252%,TOPIX Mid400
20250829,セントラル硝子,4044,化学,0.0098%,TOPIX Small 1
20250829,東亞合成,4045,化学,0.0149%,TOPIX Mid400
20250829,大阪ソーダ,4046,化学,0.0153%,TOPIX Small 1
20250829,関東電化工業,4047,化学,0.0042%,TOPIX Small 1
20250829,ＧＭＯフィナンシャルゲート,4051,情報・通信業,0.0024%,TOPIX Small 2
20250829,Ｓｕｎ　Ａｓｔｅｒｉｓｋ,4053,情報・通信業,0.0009%,TOPIX Small 2
20250829,デンカ,4061,化学,0.0187%,TOPIX Mid400
20250829,イビデン,4062,電気機器,0.0962%,TOPIX Mid400
20250829,信越化学工業,4063,化学,0.9305%,TOPIX Core30
20250829,日本カーバイド工業,4064,化学,0.0026%,TOPIX Small 2
20250829,プラスアルファ・コンサルティング,4071,情報・通信業,0.0072%,TOPIX Small 1
20250829,電算システムホールディングス,4072,情報・通信業,0.0035%,TOPIX Small 2
20250829,堺化学工業,4078,化学,0.0047%,TOPIX Small 1
20250829,第一稀元素化学工業,4082,化学,0.0017%,TOPIX Small 2
20250829,エア・ウォーター,4088,化学,0.0558%,TOPIX Mid400
20250829,日本酸素ホールディングス,4091,化学,0.1200%,TOPIX Mid400
20250829,日本化学工業,4092,化学,0.0025%,TOPIX Small 2
20250829,日本パーカライジング,4095,化学,0.0146%,TOPIX Small 1
20250829,高圧ガス工業,4097,化学,0.0036%,TOPIX Small 2
20250829,四国化成ホールディングス,4099,化学,0.0056%,TOPIX Small 2
20250829,戸田工業,4100,化学,0.0007%,TOPIX Small 2
20250829,ステラ　ケミファ,4109,化学,0.0051%,TOPIX Small 1
20250829,保土谷化学工業,4112,化学,0.0022%,TOPIX Small 2
20250829,日本触媒,4114,化学,0.0273%,TOPIX Mid400
20250829,大日精化工業,4116,化学,0.0060%,TOPIX Small 2
20250829,カネカ,4118,化学,0.0245%,TOPIX Mid400
20250829,協和キリン,4151,医薬品,0.0688%,TOPIX Mid400
20250829,Ａｐｐｉｅｒ　Ｇｒｏｕｐ,4180,情報・通信業,0.0136%,TOPIX Small 1
20250829,三菱瓦斯化学,4182,化学,0.0487%,TOPIX Mid400
20250829,三井化学,4183,化学,0.0752%,TOPIX Mid400
20250829,東京応化工業,4186,化学,0.0521%,TOPIX Mid400
20250829,大阪有機化学工業,4187,化学,0.0058%,TOPIX Small 1
20250829,三菱ケミカルグループ,4188,化学,0.1418%,TOPIX Large70
20250829,ＫＨネオケム,4189,化学,0.0107%,TOPIX Small 1
20250829,ビジョナル,4194,情報・通信業,0.0323%,TOPIX Mid400
20250829,ダイセル,4202,化学,0.0344%,TOPIX Mid400
20250829,住友ベークライト,4203,化学,0.0361%,TOPIX Mid400
20250829,積水化学工業,4204,化学,0.1275%,TOPIX Mid400
20250829,日本ゼオン,4205,化学,0.0282%,TOPIX Mid400
20250829,アイカ工業,4206,化学,0.0220%,TOPIX Mid400
20250829,ＵＢＥ,4208,化学,0.0277%,TOPIX Mid400
20250829,積水樹脂,4212,化学,0.0066%,TOPIX Small 1
20250829,旭有機材,4216,化学,0.0069%,TOPIX Small 1
20250829,ニチバン,4218,化学,0.0028%,TOPIX Small 2
20250829,リケンテクノス,4220,化学,0.0047%,TOPIX Small 2
20250829,大倉工業,4221,化学,0.0058%,TOPIX Small 2
20250829,積水化成品工業,4228,化学,0.0012%,TOPIX Small 2
20250829,群栄化学工業,4229,化学,0.0017%,TOPIX Small 2
20250829,ダイキョーニシカワ,4246,化学,0.0038%,TOPIX Small 2
20250829,森六,4249,化学,0.0030%,TOPIX Small 2
20250829,恵和,4251,化学,0.0017%,TOPIX Small 2
20250829,日本化薬,4272,化学,0.0216%,TOPIX Mid400
20250829,カーリット,4275,化学,0.0031%,TOPIX Small 2
20250829,ＣＬホールディングス,4286,サービス業,0.0006%,TOPIX Small 2
20250829,プレステージ・インターナショナル,4290,サービス業,0.0075%,TOPIX Small 1
20250829,ハイマックス,4299,情報・通信業,0.0009%,TOPIX Small 2
20250829,アミューズ,4301,サービス業,0.0029%,TOPIX Small 2
20250829,野村総合研究所,4307,情報・通信業,0.2888%,TOPIX Mid400
20250829,ドリームインキュベータ,4310,サービス業,0.0016%,TOPIX Small 2
20250829,クイック,4318,サービス業,0.0038%,TOPIX Small 2
20250829,日本システム技術,4323,情報・通信業,0.0043%,TOPIX Small 2
20250829,電通グループ,4324,サービス業,0.0666%,TOPIX Mid400
20250829,インテージホールディングス,4326,情報・通信業,0.0031%,TOPIX Small 2
20250829,テイクアンドギヴ・ニーズ,4331,サービス業,0.0010%,TOPIX Small 2
20250829,東邦システムサイエンス,4333,情報・通信業,0.0013%,TOPIX Small 2
20250829,ぴあ,4337,サービス業,0.0028%,TOPIX Small 2
20250829,イオンファンタジー,4343,サービス業,0.0039%,TOPIX Small 2
20250829,ソースネクスト,4344,情報・通信業,0.0021%,TOPIX Small 2
20250829,シーティーエス,4345,サービス業,0.0030%,TOPIX Small 2
20250829,メディカルシステムネットワーク,4350,小売業,0.0011%,TOPIX Small 2
20250829,日本精化,4362,化学,0.0041%,TOPIX Small 2
20250829,扶桑化学工業,4368,化学,0.0100%,TOPIX Small 1
20250829,トリケミカル研究所,4369,化学,0.0082%,TOPIX Small 1
20250829,シンプレクス・ホールディングス,4373,情報・通信業,0.0207%,TOPIX Small 1
20250829,ＨＥＲＯＺ,4382,情報・通信業,0.0010%,TOPIX Small 2
20250829,ラクスル,4384,情報・通信業,0.0062%,TOPIX Small 1
20250829,メルカリ,4385,情報・通信業,0.0317%,TOPIX Mid400
20250829,アイ・ピー・エス,4390,情報・通信業,0.0020%,TOPIX Small 2
20250829,システムサポートホールディングス,4396,情報・通信業,0.0024%,TOPIX Small 2
20250829,ＡＤＥＫＡ,4401,化学,0.0265%,TOPIX Mid400
20250829,日油,4403,化学,0.0728%,TOPIX Mid400
20250829,ハリマ化成グループ,4410,化学,0.0016%,TOPIX Small 2
20250829,ボードルア,4413,情報・通信業,0.0019%,TOPIX Small 2
20250829,イーソル,4420,情報・通信業,0.0008%,TOPIX Small 2
20250829,ウイングアーク１ｓｔ,4432,情報・通信業,0.0080%,TOPIX Small 1
20250829,ヒト・コミュニケーションズ・ホールディングス,4433,情報・通信業,0.0010%,TOPIX Small 2
20250829,サーバーワークス,4434,情報・通信業,0.0008%,TOPIX Small 2
20250829,Ｓａｎｓａｎ,4443,情報・通信業,0.0125%,TOPIX Small 1
20250829,ギフティ,4449,情報・通信業,0.0025%,TOPIX Small 2
20250829,花王,4452,化学,0.3749%,TOPIX Large70
20250829,第一工業製薬,4461,化学,0.0046%,TOPIX Small 2
20250829,石原ケミカル,4462,化学,0.0019%,TOPIX Small 2
20250829,三洋化成工業,4471,化学,0.0061%,TOPIX Small 1
20250829,メドレー,4480,情報・通信業,0.0070%,TOPIX Small 1
20250829,ベース,4481,情報・通信業,0.0035%,TOPIX Small 1
20250829,ＪＭＤＣ,4483,情報・通信業,0.0117%,TOPIX Mid400
20250829,武田薬品工業,4502,医薬品,0.9045%,TOPIX Core30
20250829,アステラス製薬,4503,医薬品,0.3267%,TOPIX Large70
20250829,住友ファーマ,4506,医薬品,0.0312%,TOPIX Small 1
20250829,塩野義製薬,4507,医薬品,0.1945%,TOPIX Large70
20250829,日本新薬,4516,医薬品,0.0188%,TOPIX Mid400
20250829,中外製薬,4519,医薬品,0.4685%,TOPIX Large70
20250829,科研製薬,4521,医薬品,0.0144%,TOPIX Mid400
20250829,エーザイ,4523,医薬品,0.1362%,TOPIX Large70
20250829,理研ビタミン,4526,食料品,0.0052%,TOPIX Small 2
20250829,ロート製薬,4527,医薬品,0.0612%,TOPIX Mid400
20250829,小野薬品工業,4528,医薬品,0.0779%,TOPIX Mid400
20250829,久光製薬,4530,医薬品,0.0190%,TOPIX Mid400
20250829,持田製薬,4534,医薬品,0.0087%,TOPIX Small 1
20250829,参天製薬,4536,医薬品,0.0641%,TOPIX Mid400
20250829,扶桑薬品工業,4538,医薬品,0.0019%,TOPIX Small 2
20250829,ツムラ,4540,医薬品,0.0280%,TOPIX Mid400
20250829,テルモ,4543,精密機器,0.4057%,TOPIX Large70
20250829,Ｈ．Ｕ．グループホールディングス,4544,サービス業,0.0253%,TOPIX Mid400
20250829,キッセイ薬品工業,4547,医薬品,0.0155%,TOPIX Small 1
20250829,生化学工業,4548,医薬品,0.0029%,TOPIX Small 2
20250829,栄研化学,4549,医薬品,0.0089%,TOPIX Small 1
20250829,ＪＣＲファーマ,4552,医薬品,0.0048%,TOPIX Small 1
20250829,東和薬品,4553,医薬品,0.0090%,TOPIX Small 1
20250829,富士製薬工業,4554,医薬品,0.0026%,TOPIX Small 2
20250829,ゼリア新薬工業,4559,医薬品,0.0074%,TOPIX Small 1
20250829,ネクセラファーマ,4565,医薬品,0.0093%,TOPIX Small 1
20250829,第一三共,4568,医薬品,0.7450%,TOPIX Core30
20250829,杏林製薬,4569,医薬品,0.0070%,TOPIX Small 1
20250829,大幸薬品,4574,医薬品,0.0015%,TOPIX Small 2
20250829,ダイト,4577,医薬品,0.0038%,TOPIX Small 2
20250829,大塚ホールディングス,4578,医薬品,0.3976%,TOPIX Large70
20250829,ペプチドリーム,4587,医薬品,0.0167%,TOPIX Mid400
20250829,大日本塗料,4611,化学,0.0033%,TOPIX Small 2
20250829,日本ペイントホールディングス,4612,化学,0.1309%,TOPIX Mid400
20250829,関西ペイント,4613,化学,0.0456%,TOPIX Mid400
20250829,中国塗料,4617,化学,0.0184%,TOPIX Small 1
20250829,藤倉化成,4620,化学,0.0018%,TOPIX Small 2
20250829,太陽ホールディングス,4626,化学,0.0310%,TOPIX Small 1
20250829,ＤＩＣ,4631,化学,0.0280%,TOPIX Mid400
20250829,サカタインクス,4633,化学,0.0116%,TOPIX Small 1
20250829,ａｒｔｉｅｎｃｅ,4634,化学,0.0133%,TOPIX Small 1
20250829,アルプス技研,4641,サービス業,0.0057%,TOPIX Small 2
20250829,サニックスホールディングス,4651,サービス業,0.0008%,TOPIX Small 2
20250829,日本空調サービス,4658,サービス業,0.0033%,TOPIX Small 2
20250829,オリエンタルランド,4661,サービス業,0.4888%,TOPIX Large70
20250829,フォーカスシステムズ,4662,情報・通信業,0.0025%,TOPIX Small 2
20250829,ダスキン,4665,サービス業,0.0194%,TOPIX Mid400
20250829,パーク２４,4666,不動産業,0.0327%,TOPIX Mid400
20250829,明光ネットワークジャパン,4668,サービス業,0.0023%,TOPIX Small 2
20250829,ファルコホールディングス,4671,サービス業,0.0023%,TOPIX Small 2
20250829,クレスコ,4674,情報・通信業,0.0062%,TOPIX Small 2
20250829,フジ・メディア・ホールディングス,4676,情報・通信業,0.0731%,TOPIX Mid400
20250829,ラウンドワン,4680,サービス業,0.0337%,TOPIX Small 1
20250829,リゾートトラスト,4681,サービス業,0.0351%,TOPIX Mid400
20250829,オービック,4684,情報・通信業,0.2234%,TOPIX Mid400
20250829,ジャストシステム,4686,情報・通信業,0.0153%,TOPIX Small 1
20250829,ＴＤＣソフト,4687,情報・通信業,0.0053%,TOPIX Small 2
20250829,ＬＩＮＥヤフー,4689,情報・通信業,0.1675%,TOPIX Large70
20250829,ビー・エム・エル,4694,サービス業,0.0103%,TOPIX Small 1
20250829,トレンドマイクロ,4704,情報・通信業,0.1043%,TOPIX Mid400
20250829,ＩＤホールディングス,4709,情報・通信業,0.0034%,TOPIX Small 2
20250829,リソー教育,4714,サービス業,0.0032%,TOPIX Small 2
20250829,日本オラクル,4716,情報・通信業,0.0672%,TOPIX Mid400
20250829,早稲田アカデミー,4718,サービス業,0.0036%,TOPIX Small 2
20250829,アルファシステムズ,4719,情報・通信業,0.0027%,TOPIX Small 2
20250829,フューチャー,4722,情報・通信業,0.0112%,TOPIX Small 1
20250829,ＣＡＣ　Ｈｏｌｄｉｎｇｓ,4725,情報・通信業,0.0030%,TOPIX Small 2
20250829,ユー・エス・エス,4732,サービス業,0.0798%,TOPIX Mid400
20250829,オービックビジネスコンサルタント,4733,情報・通信業,0.0332%,TOPIX Mid400
20250829,アイティフォー,4743,情報・通信業,0.0038%,TOPIX Small 2
20250829,東京個別指導学院,4745,サービス業,0.0010%,TOPIX Small 2
20250829,東計電算,4746,情報・通信業,0.0025%,TOPIX Small 2
20250829,サイバーエージェント,4751,サービス業,0.0857%,TOPIX Mid400
20250829,楽天グループ,4755,サービス業,0.1702%,TOPIX Mid400
20250829,クリーク・アンド・リバー社,4763,サービス業,0.0017%,TOPIX Small 2
20250829,ＳＢＩグローバルアセットマネジメント,4765,サービス業,0.0030%,TOPIX Small 2
20250829,テー・オー・ダブリュー,4767,サービス業,0.0016%,TOPIX Small 2
20250829,大塚商会,4768,情報・通信業,0.0790%,TOPIX Mid400
20250829,サイボウズ,4776,情報・通信業,0.0121%,TOPIX Small 1
20250829,ＧＭＯインターネット,4784,サービス業,0.0008%,TOPIX Small 2
20250829,山田コンサルティンググループ,4792,サービス業,0.0022%,TOPIX Small 2
20250829,セントラルスポーツ,4801,サービス業,0.0023%,TOPIX Small 2
20250829,パラカ,4809,不動産業,0.0013%,TOPIX Small 2
20250829,電通総研,4812,情報・通信業,0.0185%,TOPIX Small 1
20250829,ＡＣＣＥＳＳ,4813,情報・通信業,0.0015%,TOPIX Small 2
20250829,デジタルガレージ,4819,情報・通信業,0.0135%,TOPIX Small 1
20250829,イーエムシステムズ,4820,情報・通信業,0.0023%,TOPIX Small 2
20250829,ウェザーニューズ,4825,情報・通信業,0.0083%,TOPIX Small 1
20250829,ＣＩＪ,4826,情報・通信業,0.0031%,TOPIX Small 2
20250829,ビジネスエンジニアリング,4828,情報・通信業,0.0033%,TOPIX Small 2
20250829,ＷＯＷＯＷ,4839,情報・通信業,0.0030%,TOPIX Small 2
20250829,スカラ,4845,情報・通信業,0.0009%,TOPIX Small 2
20250829,フルキャストホールディングス,4848,サービス業,0.0032%,TOPIX Small 2
20250829,エン・ジャパン,4849,サービス業,0.0068%,TOPIX Small 1
20250829,セルソース,4880,医薬品,0.0008%,TOPIX Small 2
20250829,あすか製薬ホールディングス,4886,医薬品,0.0048%,TOPIX Small 2
20250829,サワイグループホールディングス,4887,医薬品,0.0223%,TOPIX Mid400
20250829,富士フイルムホールディングス,4901,化学,0.4867%,TOPIX Large70
20250829,コニカミノルタ,4902,電気機器,0.0261%,TOPIX Mid400
20250829,資生堂,4911,化学,0.1073%,TOPIX Large70
20250829,ライオン,4912,化学,0.0415%,TOPIX Mid400
20250829,高砂香料工業,4914,化学,0.0132%,TOPIX Small 2
20250829,マンダム,4917,化学,0.0065%,TOPIX Small 1
20250829,ミルボン,4919,化学,0.0092%,TOPIX Small 1
20250829,コーセー,4922,化学,0.0296%,TOPIX Mid400
20250829,コタ,4923,化学,0.0032%,TOPIX Small 2
20250829,ポーラ・オルビスホールディングス,4927,化学,0.0152%,TOPIX Mid400
20250829,ノエビアホールディングス,4928,化学,0.0094%,TOPIX Small 1
20250829,新日本製薬,4931,化学,0.0032%,TOPIX Small 2
20250829,Ｉ－ｎｅ,4933,化学,0.0010%,TOPIX Small 2
20250829,アクシージア,4936,化学,0.0007%,TOPIX Small 2
20250829,エステー,4951,化学,0.0025%,TOPIX Small 2
20250829,コニシ,4956,化学,0.0094%,TOPIX Small 2
20250829,長谷川香料,4958,化学,0.0131%,TOPIX Small 1
20250829,小林製薬,4967,化学,0.0321%,TOPIX Mid400
20250829,荒川化学工業,4968,化学,0.0024%,TOPIX Small 2
20250829,メック,4971,化学,0.0052%,TOPIX Small 1
20250829,日本高純度化学,4973,化学,0.0018%,TOPIX Small 2
20250829,タカラバイオ,4974,化学,0.0066%,TOPIX Small 1
20250829,ＪＣＵ,4975,化学,0.0107%,TOPIX Small 1
20250829,ＯＡＴアグリオ,4979,化学,0.0020%,TOPIX Small 2
20250829,デクセリアルズ,4980,化学,0.0397%,TOPIX Mid400
20250829,アース製薬,4985,化学,0.0109%,TOPIX Small 1
20250829,北興化学工業,4992,化学,0.0027%,TOPIX Small 2
20250829,大成ラミックグループ,4994,化学,0.0017%,TOPIX Small 2
20250829,クミアイ化学工業,4996,化学,0.0086%,TOPIX Small 1
20250829,日本農薬,4997,化学,0.0034%,TOPIX Small 2
20250829,ニチレキグループ,5011,石油・石炭製品,0.0068%,TOPIX Small 2
20250829,ユシロ,5013,石油・石炭製品,0.0027%,TOPIX Small 2
20250829,ＪＸ金属,5016,非鉄金属,0.0814%,TOPIX Mid400
20250829,富士石油,5017,石油・石炭製品,0.0020%,TOPIX Small 2
20250829,出光興産,5019,石油・石炭製品,0.0978%,TOPIX Mid400
20250829,ＥＮＥＯＳホールディングス,5020,石油・石炭製品,0.3062%,TOPIX Large70
20250829,コスモエネルギーホールディングス,5021,石油・石炭製品,0.0540%,TOPIX Mid400
20250829,ＡＮＹＣＯＬＯＲ,5032,情報・通信業,0.0150%,TOPIX Small 1
20250829,テスホールディングス,5074,建設業,0.0020%,TOPIX Small 2
20250829,インフロニア・ホールディングス,5076,建設業,0.0347%,TOPIX Mid400
20250829,横浜ゴム,5101,ゴム製品,0.0706%,TOPIX Mid400
20250829,ＴＯＹＯ　ＴＩＲＥ,5105,ゴム製品,0.0548%,TOPIX Mid400
20250829,ブリヂストン,5108,ゴム製品,0.4510%,TOPIX Large70
20250829,住友ゴム工業,5110,ゴム製品,0.0432%,TOPIX Mid400
20250829,藤倉コンポジット,5121,ゴム製品,0.0041%,TOPIX Small 2
20250829,オカモト,5122,ゴム製品,0.0062%,TOPIX Small 2
20250829,アキレス,5142,化学,0.0014%,TOPIX Small 2
20250829,フコク,5185,ゴム製品,0.0026%,TOPIX Small 2
20250829,ニッタ,5186,ゴム製品,0.0093%,TOPIX Small 2
20250829,住友理工,5191,ゴム製品,0.0099%,TOPIX Small 1
20250829,三ツ星ベルト,5192,ゴム製品,0.0120%,TOPIX Small 1
20250829,バンドー化学,5195,ゴム製品,0.0068%,TOPIX Small 2
20250829,ＡＧＣ,5201,ガラス・土石製品,0.1036%,TOPIX Mid400
20250829,日本板硝子,5202,ガラス・土石製品,0.0063%,TOPIX Small 1
20250829,有沢製作所,5208,化学,0.0056%,TOPIX Small 1
20250829,日本電気硝子,5214,ガラス・土石製品,0.0347%,TOPIX Mid400
20250829,オハラ,5218,ガラス・土石製品,0.0011%,TOPIX Small 2
20250829,住友大阪セメント,5232,ガラス・土石製品,0.0157%,TOPIX Mid400
20250829,太平洋セメント,5233,ガラス・土石製品,0.0570%,TOPIX Mid400
20250829,日本ヒューム,5262,ガラス・土石製品,0.0066%,TOPIX Small 2
20250829,日本コンクリート工業,5269,ガラス・土石製品,0.0014%,TOPIX Small 2
20250829,三谷セキサン,5273,ガラス・土石製品,0.0071%,TOPIX Small 2
20250829,アジアパイルホールディングス,5288,ガラス・土石製品,0.0041%,TOPIX Small 2
20250829,東海カーボン,5301,ガラス・土石製品,0.0236%,TOPIX Mid400
20250829,日本カーボン,5302,ガラス・土石製品,0.0055%,TOPIX Small 1
20250829,東洋炭素,5310,ガラス・土石製品,0.0077%,TOPIX Small 1
20250829,ノリタケ,5331,ガラス・土石製品,0.0113%,TOPIX Small 1
20250829,ＴＯＴＯ,5332,ガラス・土石製品,0.0640%,TOPIX Mid400
20250829,日本碍子,5333,ガラス・土石製品,0.0599%,TOPIX Mid400
20250829,日本特殊陶業,5334,ガラス・土石製品,0.0997%,TOPIX Mid400
20250829,ＭＡＲＵＷＡ,5344,ガラス・土石製品,0.0388%,TOPIX Mid400
20250829,品川リフラクトリーズ,5351,ガラス・土石製品,0.0055%,TOPIX Small 1
20250829,黒崎播磨,5352,ガラス・土石製品,0.0064%,TOPIX Small 1
20250829,ヨータイ,5357,ガラス・土石製品,0.0020%,TOPIX Small 2
20250829,フジミインコーポレーテッド,5384,ガラス・土石製品,0.0129%,TOPIX Small 1
20250829,ニチアス,5393,ガラス・土石製品,0.0332%,TOPIX Mid400
20250829,日本製鉄,5401,鉄鋼,0.3731%,TOPIX Large70
20250829,神戸製鋼所,5406,鉄鋼,0.0863%,TOPIX Mid400
20250829,中山製鋼所,5408,鉄鋼,0.0033%,TOPIX Small 1
20250829,合同製鐵,5410,鉄鋼,0.0055%,TOPIX Small 1
20250829,ＪＦＥホールディングス,5411,鉄鋼,0.1311%,TOPIX Mid400
20250829,東京製鐵,5423,鉄鋼,0.0110%,TOPIX Small 1
20250829,共英製鋼,5440,鉄鋼,0.0053%,TOPIX Small 1
20250829,大和工業,5444,鉄鋼,0.0432%,TOPIX Mid400
20250829,東京鐵鋼,5445,鉄鋼,0.0063%,TOPIX Small 1
20250829,大阪製鐵,5449,鉄鋼,0.0029%,TOPIX Small 2
20250829,淀川製鋼所,5451,鉄鋼,0.0150%,TOPIX Small 1
20250829,中部鋼鈑,5461,鉄鋼,0.0043%,TOPIX Small 1
20250829,丸一鋼管,5463,鉄鋼,0.0274%,TOPIX Mid400
20250829,モリ工業,5464,鉄鋼,0.0027%,TOPIX Small 2
20250829,大同特殊鋼,5471,鉄鋼,0.0189%,TOPIX Mid400
20250829,日本冶金工業,5480,鉄鋼,0.0070%,TOPIX Small 1
20250829,愛知製鋼,5482,鉄鋼,0.0152%,TOPIX Small 1
20250829,大平洋金属,5541,鉄鋼,0.0046%,TOPIX Small 2
20250829,新日本電工,5563,鉄鋼,0.0043%,TOPIX Small 1
20250829,栗本鐵工所,5602,鉄鋼,0.0086%,TOPIX Small 2
20250829,日本製鋼所,5631,機械,0.0631%,TOPIX Mid400
20250829,三菱製鋼,5632,鉄鋼,0.0031%,TOPIX Small 2
20250829,日本精線,5659,鉄鋼,0.0021%,TOPIX Small 2
20250829,エンビプロ・ホールディングス,5698,鉄鋼,0.0011%,TOPIX Small 2
20250829,大紀アルミニウム工業所,5702,非鉄金属,0.0039%,TOPIX Small 1
20250829,日本軽金属ホールディングス,5703,非鉄金属,0.0143%,TOPIX Small 1
20250829,三井金属鉱業,5706,非鉄金属,0.0621%,TOPIX Mid400
20250829,東邦亜鉛,5707,非鉄金属,0.0012%,TOPIX Small 2
20250829,三菱マテリアル,5711,非鉄金属,0.0432%,TOPIX Mid400
20250829,住友金属鉱山,5713,非鉄金属,0.1207%,TOPIX Mid400
20250829,ＤＯＷＡホールディングス,5714,非鉄金属,0.0333%,TOPIX Mid400
20250829,古河機械金属,5715,非鉄金属,0.0079%,TOPIX Small 2
20250829,大阪チタニウムテクノロジーズ,5726,非鉄金属,0.0106%,TOPIX Small 1
20250829,東邦チタニウム,5727,非鉄金属,0.0088%,TOPIX Small 1
20250829,ＵＡＣＪ,5741,非鉄金属,0.0201%,TOPIX Small 1
20250829,ＣＫサンエツ,5757,非鉄金属,0.0024%,TOPIX Small 2
20250829,古河電気工業,5801,非鉄金属,0.0738%,TOPIX Mid400
20250829,住友電気工業,5802,非鉄金属,0.3433%,TOPIX Large70
20250829,フジクラ,5803,非鉄金属,0.3239%,TOPIX Mid400
20250829,ＳＷＣＣ,5805,非鉄金属,0.0261%,TOPIX Small 1
20250829,平河ヒューテック,5821,非鉄金属,0.0032%,TOPIX Small 2
20250829,いよぎんホールディングス,5830,銀行業,0.0607%,TOPIX Mid400
20250829,しずおかフィナンシャルグループ,5831,銀行業,0.0980%,TOPIX Mid400
20250829,ちゅうぎんフィナンシャルグループ,5832,銀行業,0.0403%,TOPIX Mid400
20250829,楽天銀行,5838,銀行業,0.0879%,TOPIX Mid400
20250829,京都フィナンシャルグループ,5844,銀行業,0.0835%,TOPIX Mid400
20250829,リョービ,5851,非鉄金属,0.0075%,TOPIX Small 1
20250829,ＡＲＥホールディングス,5857,非鉄金属,0.0197%,TOPIX Small 1
20250829,東洋製罐グループホールディングス,5901,金属製品,0.0502%,TOPIX Mid400
20250829,ホッカンホールディングス,5902,金属製品,0.0027%,TOPIX Small 2
20250829,コロナ,5909,金属製品,0.0012%,TOPIX Small 2
20250829,横河ブリッジホールディングス,5911,金属製品,0.0113%,TOPIX Small 1
20250829,三和ホールディングス,5929,金属製品,0.1095%,TOPIX Mid400
20250829,文化シヤッター,5930,金属製品,0.0161%,TOPIX Small 1
20250829,三協立山,5932,金属製品,0.0019%,TOPIX Small 2
20250829,アルインコ,5933,金属製品,0.0020%,TOPIX Small 2
20250829,ＬＩＸＩＬ,5938,金属製品,0.0662%,TOPIX Mid400
20250829,ノーリツ,5943,金属製品,0.0081%,TOPIX Small 1
20250829,長府製作所,5946,金属製品,0.0043%,TOPIX Small 2
20250829,リンナイ,5947,金属製品,0.0452%,TOPIX Mid400
20250829,ユニプレス,5949,輸送用機器,0.0045%,TOPIX Small 1
20250829,日東精工,5957,金属製品,0.0019%,TOPIX Small 2
20250829,岡部,5959,金属製品,0.0040%,TOPIX Small 2
20250829,ジーテクト,5970,金属製品,0.0052%,TOPIX Small 1
20250829,東プレ,5975,金属製品,0.0091%,TOPIX Small 1
20250829,高周波熱錬,5976,金属製品,0.0040%,TOPIX Small 2
20250829,東京製綱,5981,金属製品,0.0021%,TOPIX Small 2
20250829,サンコール,5985,金属製品,0.0023%,TOPIX Small 2
20250829,パイオラックス,5988,金属製品,0.0058%,TOPIX Small 1
20250829,エイチワン,5989,金属製品,0.0036%,TOPIX Small 2
20250829,日本発條,5991,金属製品,0.0368%,TOPIX Mid400
20250829,中央発條,5992,金属製品,0.0050%,TOPIX Small 2
20250829,三浦工業,6005,機械,0.0305%,TOPIX Mid400
20250829,タクマ,6013,機械,0.0172%,TOPIX Small 1
20250829,テクノプロ・ホールディングス,6028,サービス業,0.0692%,TOPIX Mid400
20250829,アイ・アールジャパンホールディングス,6035,サービス業,0.0009%,TOPIX Small 2
20250829,ＫｅｅＰｅｒ技研,6036,サービス業,0.0049%,TOPIX Small 1
20250829,Ｇｕｎｏｓｙ,6047,サービス業,0.0013%,TOPIX Small 2
20250829,イー・ガーディアン,6050,サービス業,0.0014%,TOPIX Small 2
20250829,ジャパンマテリアル,6055,サービス業,0.0108%,TOPIX Small 1
20250829,ベクトル,6058,サービス業,0.0037%,TOPIX Small 2
20250829,チャーム・ケア・コーポレーション,6062,サービス業,0.0021%,TOPIX Small 2
20250829,キャリアリンク,6070,サービス業,0.0020%,TOPIX Small 2
20250829,ＩＢＪ,6071,サービス業,0.0014%,TOPIX Small 2
20250829,アサンテ,6073,サービス業,0.0019%,TOPIX Small 2
20250829,バリューＨＲ,6078,サービス業,0.0032%,TOPIX Small 2
20250829,Ｍ＆Ａキャピタルパートナーズ,6080,サービス業,0.0060%,TOPIX Small 1
20250829,ライドオンエクスプレスホールディングス,6082,サービス業,0.0009%,TOPIX Small 2
20250829,シグマクシス・ホールディングス,6088,サービス業,0.0067%,TOPIX Small 1
20250829,ウィルグループ,6089,サービス業,0.0019%,TOPIX Small 2
20250829,メドピア,6095,サービス業,0.0005%,TOPIX Small 2
20250829,リクルートホールディングス,6098,サービス業,1.4952%,TOPIX Core30
20250829,エラン,6099,サービス業,0.0017%,TOPIX Small 2
20250829,ツガミ,6101,機械,0.0106%,TOPIX Small 1
20250829,オークマ,6103,機械,0.0143%,TOPIX Small 1
20250829,芝浦機械,6104,機械,0.0124%,TOPIX Small 1
20250829,アマダ,6113,機械,0.0585%,TOPIX Mid400
20250829,アイダエンジニアリング,6118,機械,0.0048%,TOPIX Small 1
20250829,ＦＵＪＩ,6134,機械,0.0278%,TOPIX Mid400
20250829,牧野フライス製作所,6135,機械,0.0296%,TOPIX Small 1
20250829,オーエスジー,6136,機械,0.0167%,TOPIX Mid400
20250829,旭ダイヤモンド工業,6140,機械,0.0047%,TOPIX Small 1
20250829,ＤＭＧ森精機,6141,機械,0.0492%,TOPIX Mid400
20250829,ソディック,6143,機械,0.0048%,TOPIX Small 1
20250829,ディスコ,6146,機械,0.4613%,TOPIX Large70
20250829,日東工器,6151,機械,0.0015%,TOPIX Small 2
20250829,日進工具,6157,機械,0.0015%,TOPIX Small 2
20250829,冨士ダイス,6167,機械,0.0015%,TOPIX Small 2
20250829,日本郵政,6178,サービス業,0.3541%,TOPIX Large70
20250829,ベルシステム２４ホールディングス,6183,サービス業,0.0034%,TOPIX Small 1
20250829,鎌倉新書,6184,サービス業,0.0012%,TOPIX Small 2
20250829,エアトリ,6191,サービス業,0.0019%,TOPIX Small 2
20250829,アトラエ,6194,サービス業,0.0014%,TOPIX Small 2
20250829,ストライク,6196,サービス業,0.0050%,TOPIX Small 1
20250829,ソラスト,6197,サービス業,0.0031%,TOPIX Small 1
20250829,セラク,6199,サービス業,0.0012%,TOPIX Small 2
20250829,インソース,6200,サービス業,0.0049%,TOPIX Small 1
20250829,豊田自動織機,6201,輸送用機器,0.3195%,TOPIX Mid400
20250829,リケンＮＰＲ,6209,機械,0.0086%,TOPIX Small 1
20250829,島精機製作所,6222,機械,0.0040%,TOPIX Small 1
20250829,オプトラン,6235,機械,0.0064%,TOPIX Small 1
20250829,イワキ,6237,機械,0.0038%,TOPIX Small 2
20250829,フリュー,6238,機械,0.0023%,TOPIX Small 2
20250829,ヤマシンフィルタ,6240,機械,0.0032%,TOPIX Small 2
20250829,日阪製作所,6247,機械,0.0034%,TOPIX Small 2
20250829,やまびこ,6250,機械,0.0089%,TOPIX Small 1
20250829,野村マイクロ・サイエンス,6254,機械,0.0124%,TOPIX Small 1
20250829,平田機工,6258,機械,0.0061%,TOPIX Small 1
20250829,ＰＥＧＡＳＵＳ,6262,機械,0.0017%,TOPIX Small 2
20250829,マルマエ,6264,機械,0.0015%,TOPIX Small 2
20250829,タツモ,6266,機械,0.0035%,TOPIX Small 1
20250829,ナブテスコ,6268,機械,0.0423%,TOPIX Mid400
20250829,三井海洋開発,6269,機械,0.0467%,TOPIX Small 1
20250829,レオン自動機,6272,機械,0.0034%,TOPIX Small 2
20250829,ＳＭＣ,6273,機械,0.2996%,TOPIX Large70
20250829,ホソカワミクロン,6277,機械,0.0100%,TOPIX Small 1
20250829,ユニオンツール,6278,機械,0.0092%,TOPIX Small 1
20250829,瑞光,6279,機械,0.0019%,TOPIX Small 2
20250829,オイレス工業,6282,機械,0.0071%,TOPIX Small 2
20250829,日精エー・エス・ビー機械,6284,機械,0.0065%,TOPIX Small 1
20250829,サトー,6287,機械,0.0065%,TOPIX Small 1
20250829,技研製作所,6289,機械,0.0032%,TOPIX Small 1
20250829,日本エアーテック,6291,機械,0.0013%,TOPIX Small 2
20250829,日精樹脂工業,6293,機械,0.0013%,TOPIX Small 2
20250829,ワイエイシイホールディングス,6298,機械,0.0020%,TOPIX Small 2
20250829,小松製作所,6301,機械,0.5750%,TOPIX Large70
20250829,住友重機械工業,6302,機械,0.0452%,TOPIX Mid400
20250829,日立建機,6305,機械,0.0422%,TOPIX Mid400
20250829,日工,6306,機械,0.0028%,TOPIX Small 2
20250829,巴工業,6309,機械,0.0046%,TOPIX Small 2
20250829,井関農機,6310,機械,0.0044%,TOPIX Small 2
20250829,ＴＯＷＡ,6315,機械,0.0124%,TOPIX Small 1
20250829,北川鉄工所,6317,機械,0.0014%,TOPIX Small 2
20250829,ローツェ,6323,機械,0.0223%,TOPIX Mid400
20250829,クボタ,6326,機械,0.2043%,TOPIX Large70
20250829,荏原実業,6328,機械,0.0050%,TOPIX Small 2
20250829,東洋エンジニアリング,6330,建設業,0.0056%,TOPIX Small 2
20250829,三菱化工機,6331,機械,0.0066%,TOPIX Small 2
20250829,月島ホールディングス,6332,機械,0.0093%,TOPIX Small 2
20250829,帝国電機製作所,6333,機械,0.0049%,TOPIX Small 2
20250829,新東工業,6339,機械,0.0051%,TOPIX Small 2
20250829,澁谷工業,6340,機械,0.0078%,TOPIX Small 2
20250829,アイチ　コーポレーション,6345,機械,0.0051%,TOPIX Small 2
20250829,小森コーポレーション,6349,機械,0.0085%,TOPIX Small 2
20250829,鶴見製作所,6351,機械,0.0064%,TOPIX Small 2
20250829,酒井重工業,6358,機械,0.0019%,TOPIX Small 2
20250829,荏原製作所,6361,機械,0.1468%,TOPIX Mid400
20250829,酉島製作所,6363,機械,0.0040%,TOPIX Small 1
20250829,ＡＩＲＭＡＮ,6364,機械,0.0049%,TOPIX Small 2
20250829,ダイキン工業,6367,機械,0.5609%,TOPIX Core30
20250829,オルガノ,6368,機械,0.0403%,TOPIX Small 1
20250829,トーヨーカネツ,6369,機械,0.0036%,TOPIX Small 2
20250829,栗田工業,6370,機械,0.0653%,TOPIX Mid400
20250829,椿本チエイン,6371,機械,0.0222%,TOPIX Small 1
20250829,日機装,6376,精密機器,0.0080%,TOPIX Small 1
20250829,木村化工機,6378,機械,0.0017%,TOPIX Small 2
20250829,レイズネクスト,6379,建設業,0.0062%,TOPIX Small 2
20250829,アネスト岩田,6381,機械,0.0062%,TOPIX Small 2
20250829,ダイフク,6383,機械,0.1835%,TOPIX Mid400
20250829,サムコ,6387,機械,0.0018%,TOPIX Small 2
20250829,タダノ,6395,機械,0.0128%,TOPIX Mid400
20250829,フジテック,6406,機械,0.0419%,TOPIX Mid400
20250829,ＣＫＤ,6407,機械,0.0158%,TOPIX Small 1
20250829,平和,6412,機械,0.0168%,TOPIX Small 1
20250829,理想科学工業,6413,機械,0.0045%,TOPIX Small 2
20250829,ＳＡＮＫＹＯ,6417,機械,0.0795%,TOPIX Mid400
20250829,日本金銭機械,6418,機械,0.0028%,TOPIX Small 2
20250829,マースグループホールディングス,6419,機械,0.0049%,TOPIX Small 1
20250829,ガリレイ,6420,機械,0.0125%,TOPIX Small 2
20250829,ダイコク電機,6430,機械,0.0026%,TOPIX Small 1
20250829,竹内製作所,6432,機械,0.0217%,TOPIX Small 1
20250829,アマノ,6436,機械,0.0278%,TOPIX Mid400
20250829,ＪＵＫＩ,6440,機械,0.0015%,TOPIX Small 2
20250829,ジャノメ,6445,機械,0.0021%,TOPIX Small 2
20250829,ブラザー工業,6448,電気機器,0.0776%,TOPIX Mid400
20250829,マックス,6454,機械,0.0158%,TOPIX Small 1
20250829,モリタホールディングス,6455,輸送用機器,0.0080%,TOPIX Small 2
20250829,グローリー,6457,機械,0.0233%,TOPIX Mid400
20250829,新晃工業,6458,機械,0.0084%,TOPIX Small 1
20250829,大和冷機工業,6459,機械,0.0060%,TOPIX Small 2
20250829,セガサミーホールディングス,6460,機械,0.0583%,TOPIX Mid400
20250829,ＴＰＲ,6463,機械,0.0070%,TOPIX Small 1
20250829,ツバキ・ナカシマ,6464,機械,0.0019%,TOPIX Small 1
20250829,ホシザキ,6465,機械,0.0849%,TOPIX Mid400
20250829,大豊工業,6470,機械,0.0014%,TOPIX Small 2
20250829,日本精工,6471,機械,0.0334%,TOPIX Mid400
20250829,ＮＴＮ,6472,機械,0.0180%,TOPIX Mid400
20250829,ジェイテクト,6473,機械,0.0278%,TOPIX Mid400
20250829,不二越,6474,機械,0.0059%,TOPIX Small 1
20250829,ミネベアミツミ,6479,電気機器,0.1026%,TOPIX Mid400
20250829,日本トムソン,6480,機械,0.0040%,TOPIX Small 2
20250829,ＴＨＫ,6481,機械,0.0536%,TOPIX Mid400
20250829,ＹＵＳＨＩＮ,6482,機械,0.0013%,TOPIX Small 2
20250829,前澤給装工業,6485,機械,0.0024%,TOPIX Small 2
20250829,イーグル工業,6486,機械,0.0065%,TOPIX Small 1
20250829,ＰＩＬＬＡＲ,6490,機械,0.0087%,TOPIX Small 1
20250829,キッツ,6498,機械,0.0124%,TOPIX Small 1
20250829,日立製作所,6501,電気機器,2.3848%,TOPIX Core30
20250829,三菱電機,6503,電気機器,0.8365%,TOPIX Core30
20250829,富士電機,6504,電気機器,0.1330%,TOPIX Mid400
20250829,安川電機,6506,電気機器,0.0744%,TOPIX Mid400
20250829,シンフォニアテクノロジー,6507,電気機器,0.0183%,TOPIX Small 1
20250829,明電舎,6508,電気機器,0.0229%,TOPIX Small 1
20250829,山洋電気,6516,電気機器,0.0100%,TOPIX Small 1
20250829,デンヨー,6517,電気機器,0.0048%,TOPIX Small 2
20250829,ＰＨＣホールディングス,6523,電気機器,0.0043%,TOPIX Small 1
20250829,ＫＯＫＵＳＡＩ　ＥＬＥＣＴＲＩＣ,6525,電気機器,0.0469%,TOPIX Mid400
20250829,ソシオネクスト,6526,電気機器,0.0664%,TOPIX Mid400
20250829,ベイカレント,6532,サービス業,0.1450%,TOPIX Mid400
20250829,Ｏｒｃｈｅｓｔｒａ　Ｈｏｌｄｉｎｇｓ,6533,サービス業,0.0004%,TOPIX Small 2
20250829,アイモバイル,6535,サービス業,0.0022%,TOPIX Small 2
20250829,ＭＳ－Ｊａｐａｎ,6539,サービス業,0.0013%,TOPIX Small 2
20250829,ジャパンエレベーターサービスホールディングス,6544,サービス業,0.0355%,TOPIX Small 1
20250829,エル・ティー・エス,6560,サービス業,0.0007%,TOPIX Small 2
20250829,ミダックホールディングス,6564,サービス業,0.0029%,TOPIX Small 2
20250829,キュービーネットホールディングス,6571,サービス業,0.0018%,TOPIX Small 2
20250829,オープングループ,6572,サービス業,0.0015%,TOPIX Small 2
20250829,三櫻工業,6584,輸送用機器,0.0026%,TOPIX Small 2
20250829,マキタ,6586,機械,0.1448%,TOPIX Mid400
20250829,東芝テック,6588,電気機器,0.0100%,TOPIX Small 1
20250829,芝浦メカトロニクス,6590,電気機器,0.0186%,TOPIX Small 1
20250829,マブチモーター,6592,電気機器,0.0283%,TOPIX Mid400
20250829,ニデック,6594,電気機器,0.3283%,TOPIX Large70
20250829,ユー・エム・シー・エレクトロニクス,6615,電気機器,0.0004%,TOPIX Small 2
20250829,トレックス・セミコンダクター,6616,電気機器,0.0019%,TOPIX Small 2
20250829,東光高岳,6617,電気機器,0.0039%,TOPIX Small 2
20250829,ダブル・スコープ,6619,電気機器,0.0018%,TOPIX Small 2
20250829,宮越ホールディングス,6620,不動産業,0.0010%,TOPIX Small 2
20250829,ダイヘン,6622,電気機器,0.0170%,TOPIX Small 1
20250829,ヤーマン,6630,電気機器,0.0036%,TOPIX Small 1
20250829,ＪＶＣケンウッド,6632,電気機器,0.0227%,TOPIX Mid400
20250829,ミマキエンジニアリング,6638,電気機器,0.0034%,TOPIX Small 2
20250829,大崎電気工業,6644,電気機器,0.0067%,TOPIX Small 2
20250829,オムロン,6645,電気機器,0.0805%,TOPIX Mid400
20250829,日東工業,6651,電気機器,0.0110%,TOPIX Small 1
20250829,ＩＤＥＣ,6652,電気機器,0.0079%,TOPIX Small 1
20250829,ジーエス・ユアサ　コーポレーション,6674,電気機器,0.0345%,TOPIX Mid400
20250829,バッファロー,6676,電気機器,0.0016%,TOPIX Small 2
20250829,テクノメディカ,6678,電気機器,0.0009%,TOPIX Small 2
20250829,ダイヤモンドエレクトリックホールディングス,6699,電気機器,0.0005%,TOPIX Small 2
20250829,日本電気,6701,電気機器,0.7429%,TOPIX Large70
20250829,富士通,6702,電気機器,0.7619%,TOPIX Large70
20250829,沖電気工業,6703,電気機器,0.0173%,TOPIX Small 1
20250829,電気興業,6706,電気機器,0.0020%,TOPIX Small 2
20250829,サンケン電気,6707,電気機器,0.0196%,TOPIX Mid400
20250829,アイホン,6718,電気機器,0.0039%,TOPIX Small 2
20250829,ルネサスエレクトロニクス,6723,電気機器,0.3967%,TOPIX Large70
20250829,セイコーエプソン,6724,電気機器,0.0545%,TOPIX Mid400
20250829,ワコム,6727,電気機器,0.0110%,TOPIX Small 1
20250829,アルバック,6728,電気機器,0.0306%,TOPIX Mid400
20250829,アクセル,6730,電気機器,0.0014%,TOPIX Small 2
20250829,ＥＩＺＯ,6737,電気機器,0.0068%,TOPIX Small 1
20250829,ジャパンディスプレイ,6740,電気機器,0.0019%,TOPIX Small 2
20250829,日本信号,6741,電気機器,0.0064%,TOPIX Small 2
20250829,京三製作所,6742,電気機器,0.0029%,TOPIX Small 2
20250829,能美防災,6744,電気機器,0.0127%,TOPIX Small 2
20250829,ホーチキ,6745,電気機器,0.0049%,TOPIX Small 2
20250829,エレコム,6750,電気機器,0.0102%,TOPIX Small 1
20250829,パナソニック　ホールディングス,6752,電気機器,0.4144%,TOPIX Large70
20250829,シャープ,6753,電気機器,0.0298%,TOPIX Mid400
20250829,アンリツ,6754,電気機器,0.0284%,TOPIX Mid400
20250829,ソニーグループ,6758,電気機器,3.2289%,TOPIX Core30
20250829,ＴＤＫ,6762,電気機器,0.3871%,TOPIX Large70
20250829,帝国通信工業,6763,電気機器,0.0025%,TOPIX Small 2
20250829,タムラ製作所,6768,電気機器,0.0047%,TOPIX Small 1
20250829,アルプスアルパイン,6770,電気機器,0.0341%,TOPIX Mid400
20250829,日本電波工業,6779,電気機器,0.0020%,TOPIX Small 2
20250829,鈴木,6785,電気機器,0.0026%,TOPIX Small 2
20250829,メイコー,6787,電気機器,0.0225%,TOPIX Small 1
20250829,日本トリム,6788,電気機器,0.0024%,TOPIX Small 2
20250829,フォスター電機,6794,電気機器,0.0051%,TOPIX Small 2
20250829,ＳＭＫ,6798,電気機器,0.0013%,TOPIX Small 2
20250829,ヨコオ,6800,電気機器,0.0029%,TOPIX Small 1
20250829,ホシデン,6804,電気機器,0.0130%,TOPIX Small 1
20250829,ヒロセ電機,6806,電気機器,0.0647%,TOPIX Mid400
20250829,日本航空電子工業,6807,電気機器,0.0153%,TOPIX Small 1
20250829,ＴＯＡ,6809,電気機器,0.0027%,TOPIX Small 2
20250829,マクセル,6810,電気機器,0.0092%,TOPIX Small 1
20250829,古野電気,6814,電気機器,0.0154%,TOPIX Small 1
20250829,スミダコーポレーション,6817,電気機器,0.0042%,TOPIX Small 2
20250829,アイコム,6820,電気機器,0.0026%,TOPIX Small 2
20250829,リオン,6823,電気機器,0.0025%,TOPIX Small 2
20250829,横河電機,6841,電気機器,0.1101%,TOPIX Mid400
20250829,新電元工業,6844,電気機器,0.0028%,TOPIX Small 2
20250829,アズビル,6845,電気機器,0.0896%,TOPIX Mid400
20250829,日本光電工業,6849,電気機器,0.0338%,TOPIX Mid400
20250829,チノー,6850,電気機器,0.0024%,TOPIX Small 2
20250829,日本電子材料,6855,電気機器,0.0040%,TOPIX Small 2
20250829,堀場製作所,6856,電気機器,0.0482%,TOPIX Mid400
20250829,アドバンテスト,6857,電気機器,0.8435%,TOPIX Large70
20250829,エスペック,6859,電気機器,0.0070%,TOPIX Small 1
20250829,キーエンス,6861,電気機器,1.3022%,TOPIX Core30
20250829,日置電機,6866,電気機器,0.0073%,TOPIX Small 1
20250829,シスメックス,6869,電気機器,0.1109%,TOPIX Large70
20250829,日本マイクロニクス,6871,電気機器,0.0177%,TOPIX Small 1
20250829,メガチップス,6875,電気機器,0.0103%,TOPIX Small 1
20250829,ＯＢＡＲＡ　ＧＲＯＵＰ,6877,電気機器,0.0053%,TOPIX Small 2
20250829,ＩＭＡＧＩＣＡ　ＧＲＯＵＰ,6879,情報・通信業,0.0006%,TOPIX Small 2
20250829,デンソー,6902,輸送用機器,0.4796%,TOPIX Large70
20250829,コーセル,6905,電気機器,0.0035%,TOPIX Small 2
20250829,イリソ電子工業,6908,電気機器,0.0067%,TOPIX Small 1
20250829,オプテックスグループ,6914,電気機器,0.0075%,TOPIX Small 1
20250829,千代田インテグレ,6915,電気機器,0.0022%,TOPIX Small 2
20250829,レーザーテック,6920,電気機器,0.1392%,TOPIX Large70
20250829,スタンレー電気,6923,電気機器,0.0391%,TOPIX Mid400
20250829,ウシオ電機,6925,電気機器,0.0188%,TOPIX Mid400
20250829,日本セラミック,6929,電気機器,0.0061%,TOPIX Small 1
20250829,古河電池,6937,電気機器,0.0024%,TOPIX Small 2
20250829,山一電機,6941,電気機器,0.0060%,TOPIX Small 1
20250829,図研,6947,電気機器,0.0104%,TOPIX Small 1
20250829,日本電子,6951,電気機器,0.0248%,TOPIX Mid400
20250829,カシオ計算機,6952,電気機器,0.0222%,TOPIX Mid400
20250829,ファナック,6954,電気機器,0.4574%,TOPIX Large70
20250829,日本シイエムケイ,6958,電気機器,0.0024%,TOPIX Small 2
20250829,エンプラス,6961,電気機器,0.0035%,TOPIX Small 1
20250829,大真空,6962,電気機器,0.0014%,TOPIX Small 2
20250829,ローム,6963,電気機器,0.0906%,TOPIX Mid400
20250829,浜松ホトニクス,6965,電気機器,0.0598%,TOPIX Mid400
20250829,三井ハイテック,6966,電気機器,0.0087%,TOPIX Small 1
20250829,京セラ,6971,電気機器,0.2816%,TOPIX Large70
20250829,太陽誘電,6976,電気機器,0.0305%,TOPIX Mid400
20250829,村田製作所,6981,電気機器,0.4911%,TOPIX Core30
20250829,双葉電子工業,6986,電気機器,0.0029%,TOPIX Small 2
20250829,日東電工,6988,化学,0.2447%,TOPIX Mid400
20250829,東海理化電機製作所,6995,輸送用機器,0.0162%,TOPIX Small 1
20250829,ニチコン,6996,電気機器,0.0075%,TOPIX Small 1
20250829,日本ケミコン,6997,電気機器,0.0040%,TOPIX Small 2
20250829,ＫＯＡ,6999,電気機器,0.0041%,TOPIX Small 1
20250829,三井Ｅ＆Ｓ,7003,機械,0.0569%,TOPIX Small 1
20250829,カナデビア,7004,機械,0.0188%,TOPIX Small 1
20250829,三菱重工業,7011,機械,1.5196%,TOPIX Core30
20250829,川崎重工業,7012,輸送用機器,0.1559%,TOPIX Mid400
20250829,ＩＨＩ,7013,機械,0.2872%,TOPIX Mid400
20250829,名村造船所,7014,輸送用機器,0.0231%,TOPIX Small 1
20250829,マネジメントソリューションズ,7033,サービス業,0.0020%,TOPIX Small 2
20250829,プロレド・パートナーズ,7034,サービス業,0.0004%,TOPIX Small 2
20250829,フロンティア・マネジメント,7038,サービス業,0.0006%,TOPIX Small 2
20250829,アンビスホールディングス,7071,サービス業,0.0032%,TOPIX Small 1
20250829,カーブスホールディングス,7085,サービス業,0.0053%,TOPIX Small 1
20250829,フォーラムエンジニアリング,7088,サービス業,0.0037%,TOPIX Small 2
20250829,Ｆａｓｔ　Ｆｉｔｎｅｓｓ　Ｊａｐａｎ,7092,サービス業,0.0015%,TOPIX Small 2
20250829,Ｍａｃｂｅｅ　Ｐｌａｎｅｔ,7095,サービス業,0.0023%,TOPIX Small 2
20250829,日本車輌製造,7102,輸送用機器,0.0024%,TOPIX Small 2
20250829,三菱ロジスネクスト,7105,輸送用機器,0.0068%,TOPIX Small 1
20250829,フルサト・マルカホールディングス,7128,卸売業,0.0049%,TOPIX Small 1
20250829,ヤマエグループホールディングス,7130,卸売業,0.0071%,TOPIX Small 1
20250829,ＦＰＧ,7148,証券、商品先物取引業,0.0177%,TOPIX Small 1
20250829,ライフネット生命保険,7157,保険業,0.0093%,TOPIX Small 2
20250829,全国保証,7164,その他金融業,0.0399%,TOPIX Mid400
20250829,めぶきフィナンシャルグループ,7167,銀行業,0.1007%,TOPIX Mid400
20250829,ジャパンインベストメントアドバイザー,7172,証券、商品先物取引業,0.0070%,TOPIX Small 1
20250829,東京きらぼしフィナンシャルグループ,7173,銀行業,0.0204%,TOPIX Small 1
20250829,九州フィナンシャルグループ,7180,銀行業,0.0348%,TOPIX Mid400
20250829,かんぽ生命保険,7181,保険業,0.1057%,TOPIX Mid400
20250829,ゆうちょ銀行,7182,銀行業,0.3427%,TOPIX Large70
20250829,富山第一銀行,7184,銀行業,0.0093%,TOPIX Small 1
20250829,コンコルディア・フィナンシャルグループ,7186,銀行業,0.1325%,TOPIX Mid400
20250829,ジェイリース,7187,その他金融業,0.0029%,TOPIX Small 2
20250829,西日本フィナンシャルホールディングス,7189,銀行業,0.0343%,TOPIX Small 1
20250829,ＳＢＩアルヒ,7198,その他金融業,0.0019%,TOPIX Small 2
20250829,プレミアグループ,7199,その他金融業,0.0086%,TOPIX Small 1
20250829,日産自動車,7201,輸送用機器,0.0952%,TOPIX Large70
20250829,いすゞ自動車,7202,輸送用機器,0.1310%,TOPIX Mid400
20250829,トヨタ自動車,7203,輸送用機器,3.5012%,TOPIX Core30
20250829,日野自動車,7205,輸送用機器,0.0133%,TOPIX Mid400
20250829,三菱自動車工業,7211,輸送用機器,0.0356%,TOPIX Mid400
20250829,武蔵精密工業,7220,輸送用機器,0.0186%,TOPIX Small 1
20250829,日産車体,7222,輸送用機器,0.0040%,TOPIX Small 2
20250829,新明和工業,7224,輸送用機器,0.0117%,TOPIX Small 1
20250829,極東開発工業,7226,輸送用機器,0.0085%,TOPIX Small 1
20250829,トピー工業,7231,輸送用機器,0.0055%,TOPIX Small 2
20250829,ティラド,7236,輸送用機器,0.0034%,TOPIX Small 2
20250829,曙ブレーキ工業,7238,輸送用機器,0.0016%,TOPIX Small 2
20250829,タチエス,7239,輸送用機器,0.0083%,TOPIX Small 1
20250829,ＮＯＫ,7240,輸送用機器,0.0230%,TOPIX Mid400
20250829,フタバ産業,7241,輸送用機器,0.0066%,TOPIX Small 1
20250829,カヤバ,7242,輸送用機器,0.0149%,TOPIX Small 1
20250829,市光工業,7244,電気機器,0.0022%,TOPIX Small 2
20250829,大同メタル工業,7245,輸送用機器,0.0041%,TOPIX Small 2
20250829,プレス工業,7246,輸送用機器,0.0056%,TOPIX Small 1
20250829,太平洋工業,7250,輸送用機器,0.0121%,TOPIX Small 1
20250829,アイシン,7259,輸送用機器,0.1117%,TOPIX Mid400
20250829,マツダ,7261,輸送用機器,0.0701%,TOPIX Mid400
20250829,本田技研工業,7267,輸送用機器,0.8919%,TOPIX Core30
20250829,スズキ,7269,輸送用機器,0.3651%,TOPIX Large70
20250829,ＳＵＢＡＲＵ,7270,輸送用機器,0.2028%,TOPIX Large70
20250829,ヤマハ発動機,7272,輸送用機器,0.1223%,TOPIX Mid400
20250829,小糸製作所,7276,電気機器,0.0501%,TOPIX Mid400
20250829,エクセディ,7278,輸送用機器,0.0200%,TOPIX Small 1
20250829,ミツバ,7280,電気機器,0.0040%,TOPIX Small 1
20250829,豊田合成,7282,輸送用機器,0.0237%,TOPIX Mid400
20250829,愛三工業,7283,輸送用機器,0.0085%,TOPIX Small 1
20250829,ヨロズ,7294,輸送用機器,0.0023%,TOPIX Small 2
20250829,エフ・シー・シー,7296,輸送用機器,0.0126%,TOPIX Small 1
20250829,シマノ,7309,輸送用機器,0.1606%,TOPIX Large70
20250829,テイ・エス　テック,7313,輸送用機器,0.0158%,TOPIX Mid400
20250829,三十三フィナンシャルグループ,7322,銀行業,0.0073%,TOPIX Small 2
20250829,第四北越フィナンシャルグループ,7327,銀行業,0.0282%,TOPIX Small 1
20250829,ひろぎんホールディングス,7337,銀行業,0.0444%,TOPIX Mid400
20250829,おきなわフィナンシャルグループ,7350,銀行業,0.0066%,TOPIX Small 2
20250829,ダイレクトマーケティングミックス,7354,サービス業,0.0008%,TOPIX Small 2
20250829,ポピンズ,7358,サービス業,0.0005%,TOPIX Small 2
20250829,ＬＩＴＡＬＩＣＯ,7366,サービス業,0.0029%,TOPIX Small 2
20250829,十六フィナンシャルグループ,7380,銀行業,0.0173%,TOPIX Small 1
20250829,北國フィナンシャルホールディングス,7381,銀行業,0.0133%,TOPIX Small 1
20250829,ネットプロテクションズホールディングス,7383,その他金融業,0.0067%,TOPIX Small 2
20250829,プロクレアホールディングス,7384,銀行業,0.0044%,TOPIX Small 2
20250829,ＦＰパートナー,7388,保険業,0.0021%,TOPIX Small 2
20250829,あいちフィナンシャルグループ,7389,銀行業,0.0123%,TOPIX Small 1
20250829,小野建,7414,卸売業,0.0037%,TOPIX Small 2
20250829,ノジマ,7419,小売業,0.0262%,TOPIX Small 1
20250829,佐鳥電機,7420,卸売業,0.0029%,TOPIX Small 2
20250829,カッパ・クリエイト,7421,小売業,0.0061%,TOPIX Small 1
20250829,伯東,7433,卸売業,0.0050%,TOPIX Small 1
20250829,コンドーテック,7438,卸売業,0.0030%,TOPIX Small 2
20250829,ナガイレーベン,7447,卸売業,0.0062%,TOPIX Small 2
20250829,三菱食品,7451,卸売業,0.0071%,TOPIX Small 1
20250829,良品計画,7453,小売業,0.1688%,TOPIX Mid400
20250829,松田産業,7456,卸売業,0.0071%,TOPIX Small 1
20250829,第一興商,7458,卸売業,0.0158%,TOPIX Mid400
20250829,メディパルホールディングス,7459,卸売業,0.0688%,TOPIX Mid400
20250829,アドヴァングループ,7463,小売業,0.0018%,TOPIX Small 2
20250829,ＳＰＫ,7466,卸売業,0.0023%,TOPIX Small 2
20250829,萩原電気ホールディングス,7467,卸売業,0.0037%,TOPIX Small 2
20250829,アルビス,7475,小売業,0.0025%,TOPIX Small 2
20250829,アズワン,7476,卸売業,0.0180%,TOPIX Mid400
20250829,スズデン,7480,卸売業,0.0024%,TOPIX Small 2
20250829,シモジマ,7482,卸売業,0.0021%,TOPIX Small 2
20250829,ドウシシャ,7483,卸売業,0.0059%,TOPIX Small 2
20250829,高速,7504,卸売業,0.0042%,TOPIX Small 2
20250829,Ｇ‐７ホールディングス,7508,小売業,0.0036%,TOPIX Small 2
20250829,たけびし,7510,卸売業,0.0020%,TOPIX Small 2
20250829,イオン北海道,7512,小売業,0.0055%,TOPIX Small 1
20250829,コジマ,7513,小売業,0.0045%,TOPIX Small 1
20250829,コーナン商事,7516,小売業,0.0107%,TOPIX Small 1
20250829,エコス,7520,小売業,0.0024%,TOPIX Small 2
20250829,ワタミ,7522,小売業,0.0029%,TOPIX Small 2
20250829,リックス,7525,卸売業,0.0018%,TOPIX Small 2
20250829,システムソフト,7527,情報・通信業,0.0005%,TOPIX Small 2
20250829,パン・パシフィック・インターナショナルホールディングス,7532,小売業,0.2616%,TOPIX Mid400
20250829,丸文,7537,卸売業,0.0026%,TOPIX Small 2
20250829,西松屋チェーン,7545,小売業,0.0115%,TOPIX Small 1
20250829,ゼンショーホールディングス,7550,小売業,0.1285%,TOPIX Mid400
20250829,ハピネット,7552,卸売業,0.0129%,TOPIX Small 1
20250829,幸楽苑,7554,小売業,0.0022%,TOPIX Small 2
20250829,橋本総業ホールディングス,7570,卸売業,0.0012%,TOPIX Small 2
20250829,日本ライフライン,7575,卸売業,0.0089%,TOPIX Small 1
20250829,サイゼリヤ,7581,小売業,0.0167%,TOPIX Small 1
20250829,タカショー,7590,卸売業,0.0009%,TOPIX Small 2
20250829,ＶＴホールディングス,7593,小売業,0.0046%,TOPIX Small 1
20250829,アルゴグラフィックス,7595,情報・通信業,0.0089%,TOPIX Small 2
20250829,魚力,7596,小売業,0.0021%,TOPIX Small 2
20250829,ＩＤＯＭ,7599,卸売業,0.0083%,TOPIX Small 1
20250829,日本エム・ディ・エム,7600,精密機器,0.0009%,TOPIX Small 2
20250829,フジ・コーポレーション,7605,小売業,0.0009%,TOPIX Small 2
20250829,ユナイテッドアローズ,7606,小売業,0.0054%,TOPIX Small 1
20250829,進和,7607,卸売業,0.0047%,TOPIX Small 2
20250829,ダイトロン,7609,卸売業,0.0041%,TOPIX Small 2
20250829,ハイデイ日高,7611,小売業,0.0146%,TOPIX Small 1
20250829,シークス,7613,卸売業,0.0051%,TOPIX Small 1
20250829,コロワイド,7616,小売業,0.0267%,TOPIX Mid400
20250829,オーハシテクニカ,7628,卸売業,0.0026%,TOPIX Small 2
20250829,壱番屋,7630,小売業,0.0093%,TOPIX Small 1
20250829,白銅,7637,卸売業,0.0016%,TOPIX Small 2
20250829,スギホールディングス,7649,小売業,0.0484%,TOPIX Mid400
20250829,薬王堂ホールディングス,7679,小売業,0.0027%,TOPIX Small 2
20250829,ダブルエー,7683,小売業,0.0008%,TOPIX Small 2
20250829,島津製作所,7701,精密機器,0.1195%,TOPIX Mid400
20250829,ＪＭＳ,7702,精密機器,0.0009%,TOPIX Small 2
20250829,長野計器,7715,精密機器,0.0031%,TOPIX Small 1
20250829,ブイ・テクノロジー,7717,精密機器,0.0034%,TOPIX Small 2
20250829,スター精密,7718,機械,0.0063%,TOPIX Small 1
20250829,東京計器,7721,精密機器,0.0072%,TOPIX Small 1
20250829,愛知時計電機,7723,精密機器,0.0029%,TOPIX Small 2
20250829,インターアクション,7725,精密機器,0.0020%,TOPIX Small 2
20250829,東京精密,7729,精密機器,0.0396%,TOPIX Mid400
20250829,マニー,7730,精密機器,0.0113%,TOPIX Mid400
20250829,ニコン,7731,精密機器,0.0573%,TOPIX Mid400
20250829,トプコン,7732,精密機器,0.0428%,TOPIX Mid400
20250829,オリンパス,7733,精密機器,0.2187%,TOPIX Large70
20250829,理研計器,7734,精密機器,0.0107%,TOPIX Small 1
20250829,ＳＣＲＥＥＮホールディングス,7735,電気機器,0.1090%,TOPIX Mid400
20250829,キヤノン電子,7739,電気機器,0.0066%,TOPIX Small 1
20250829,タムロン,7740,精密機器,0.0119%,TOPIX Small 1
20250829,ＨＯＹＡ,7741,精密機器,0.8494%,TOPIX Core30
20250829,ノーリツ鋼機,7744,精密機器,0.0109%,TOPIX Small 1
20250829,Ａ＆Ｄホロンホールディングス,7745,精密機器,0.0057%,TOPIX Small 1
20250829,朝日インテック,7747,精密機器,0.0709%,TOPIX Mid400
20250829,キヤノン,7751,電気機器,0.4476%,TOPIX Large70
20250829,リコー,7752,電気機器,0.0771%,TOPIX Mid400
20250829,シチズン時計,7762,精密機器,0.0214%,TOPIX Small 1
20250829,メニコン,7780,精密機器,0.0103%,TOPIX Small 1
20250829,パラマウントベッドホールディングス,7817,その他製品,0.0129%,TOPIX Small 1
20250829,トランザクション,7818,その他製品,0.0031%,TOPIX Small 2
20250829,ニホンフラッシュ,7820,その他製品,0.0015%,TOPIX Small 2
20250829,前田工繊,7821,その他製品,0.0084%,TOPIX Small 1
20250829,アートネイチャー,7823,その他製品,0.0019%,TOPIX Small 2
20250829,フルヤ金属,7826,その他製品,0.0049%,TOPIX Small 1
20250829,バンダイナムコホールディングス,7832,その他製品,0.3123%,TOPIX Large70
20250829,ＳＨＯＥＩ,7839,その他製品,0.0111%,TOPIX Small 1
20250829,フランスベッドホールディングス,7840,その他製品,0.0038%,TOPIX Small 2
20250829,マーベラス,7844,情報・通信業,0.0024%,TOPIX Small 2
20250829,パイロットコーポレーション,7846,その他製品,0.0158%,TOPIX Mid400
20250829,萩原工業,7856,その他製品,0.0025%,TOPIX Small 2
20250829,エイベックス,7860,情報・通信業,0.0055%,TOPIX Small 1
20250829,フジシールインターナショナル,7864,その他製品,0.0149%,TOPIX Small 1
20250829,タカラトミー,7867,その他製品,0.0326%,TOPIX Mid400
20250829,広済堂ホールディングス,7868,その他製品,0.0038%,TOPIX Small 2
20250829,レック,7874,化学,0.0035%,TOPIX Small 2
20250829,三光合成,7888,化学,0.0026%,TOPIX Small 2
20250829,プロネクサス,7893,その他製品,0.0026%,TOPIX Small 2
20250829,ＴＯＰＰＡＮホールディングス,7911,その他製品,0.1064%,TOPIX Mid400
20250829,大日本印刷,7912,その他製品,0.1114%,TOPIX Mid400
20250829,共同印刷,7914,その他製品,0.0040%,TOPIX Small 2
20250829,ＮＩＳＳＨＡ,7915,その他製品,0.0059%,TOPIX Small 1
20250829,ＺＡＣＲＯＳ,7917,化学,0.0076%,TOPIX Small 2
20250829,ＴＡＫＡＲＡ　＆　ＣＯＭＰＡＮＹ,7921,その他製品,0.0049%,TOPIX Small 2
20250829,前澤化成工業,7925,化学,0.0035%,TOPIX Small 2
20250829,未来工業,7931,化学,0.0042%,TOPIX Small 2
20250829,アシックス,7936,その他製品,0.3525%,TOPIX Mid400
20250829,ツツミ,7937,その他製品,0.0012%,TOPIX Small 2
20250829,ＪＳＰ,7942,化学,0.0037%,TOPIX Small 2
20250829,ニチハ,7943,ガラス・土石製品,0.0084%,TOPIX Small 1
20250829,ローランド,7944,その他製品,0.0061%,TOPIX Small 1
20250829,エフピコ,7947,化学,0.0134%,TOPIX Small 1
20250829,小松ウオール工業,7949,その他製品,0.0040%,TOPIX Small 2
20250829,ヤマハ,7951,その他製品,0.0379%,TOPIX Mid400
20250829,河合楽器製作所,7952,その他製品,0.0018%,TOPIX Small 2
20250829,クリナップ,7955,その他製品,0.0017%,TOPIX Small 2
20250829,ピジョン,7956,その他製品,0.0244%,TOPIX Mid400
20250829,キングジム,7962,その他製品,0.0017%,TOPIX Small 2
20250829,象印マホービン,7965,電気機器,0.0105%,TOPIX Small 1
20250829,リンテック,7966,その他製品,0.0151%,TOPIX Small 1
20250829,信越ポリマー,7970,化学,0.0093%,TOPIX Small 1
20250829,イトーキ,7972,その他製品,0.0118%,TOPIX Small 1
20250829,任天堂,7974,その他製品,1.9264%,TOPIX Core30
20250829,三菱鉛筆,7976,その他製品,0.0062%,TOPIX Small 1
20250829,松風,7979,精密機器,0.0045%,TOPIX Small 2
20250829,タカラスタンダード,7981,その他製品,0.0137%,TOPIX Small 1
20250829,コクヨ,7984,その他製品,0.0436%,TOPIX Mid400
20250829,ナカバヤシ,7987,その他製品,0.0014%,TOPIX Small 2
20250829,ニフコ,7988,化学,0.0366%,TOPIX Mid400
20250829,立川ブラインド工業,7989,金属製品,0.0022%,TOPIX Small 2
20250829,グローブライド,7990,その他製品,0.0054%,TOPIX Small 1
20250829,オカムラ,7994,その他製品,0.0164%,TOPIX Small 1
20250829,バルカー,7995,化学,0.0067%,TOPIX Small 1
20250829,伊藤忠商事,8001,卸売業,1.3691%,TOPIX Core30
20250829,丸紅,8002,卸売業,0.6741%,TOPIX Large70
20250829,スクロール,8005,小売業,0.0039%,TOPIX Small 1
20250829,ヨンドシーホールディングス,8008,小売業,0.0039%,TOPIX Small 1
20250829,三陽商会,8011,繊維製品,0.0037%,TOPIX Small 2
20250829,長瀬産業,8012,卸売業,0.0329%,TOPIX Mid400
20250829,蝶理,8014,卸売業,0.0051%,TOPIX Small 2
20250829,豊田通商,8015,卸売業,0.2893%,TOPIX Mid400
20250829,オンワードホールディングス,8016,繊維製品,0.0096%,TOPIX Small 1
20250829,三共生興,8018,卸売業,0.0020%,TOPIX Small 2
20250829,兼松,8020,卸売業,0.0317%,TOPIX Mid400
20250829,美津濃,8022,その他製品,0.0177%,TOPIX Small 1
20250829,ルックホールディングス,8029,繊維製品,0.0019%,TOPIX Small 2
20250829,三井物産,8031,卸売業,1.1946%,TOPIX Core30
20250829,日本紙パルプ商事,8032,卸売業,0.0081%,TOPIX Small 2
20250829,東京エレクトロン,8035,電気機器,1.0026%,TOPIX Core30
20250829,カメイ,8037,卸売業,0.0064%,TOPIX Small 2
20250829,スターゼン,8043,卸売業,0.0060%,TOPIX Small 2
20250829,セイコーグループ,8050,精密機器,0.0230%,TOPIX Small 1
20250829,山善,8051,卸売業,0.0112%,TOPIX Small 1
20250829,椿本興業,8052,卸売業,0.0040%,TOPIX Small 2
20250829,住友商事,8053,卸売業,0.6028%,TOPIX Large70
20250829,ＢＩＰＲＯＧＹ,8056,情報・通信業,0.0494%,TOPIX Mid400
20250829,内田洋行,8057,卸売業,0.0096%,TOPIX Small 1
20250829,三菱商事,8058,卸売業,1.5034%,TOPIX Core30
20250829,第一実業,8059,卸売業,0.0061%,TOPIX Small 2
20250829,キヤノンマーケティングジャパン,8060,卸売業,0.0327%,TOPIX Mid400
20250829,西華産業,8061,卸売業,0.0068%,TOPIX Small 2
20250829,佐藤商事,8065,卸売業,0.0029%,TOPIX Small 2
20250829,東京産業,8070,卸売業,0.0022%,TOPIX Small 2
20250829,ユアサ商事,8074,卸売業,0.0103%,TOPIX Small 1
20250829,神鋼商事,8075,卸売業,0.0036%,TOPIX Small 2
20250829,阪和興業,8078,卸売業,0.0254%,TOPIX Small 1
20250829,正栄食品工業,8079,卸売業,0.0065%,TOPIX Small 1
20250829,カナデン,8081,卸売業,0.0034%,TOPIX Small 2
20250829,ＲＹＯＤＥＮ,8084,卸売業,0.0057%,TOPIX Small 2
20250829,ニプロ,8086,精密機器,0.0287%,TOPIX Mid400
20250829,岩谷産業,8088,卸売業,0.0390%,TOPIX Mid400
20250829,極東貿易,8093,卸売業,0.0023%,TOPIX Small 2
20250829,アステナホールディングス,8095,卸売業,0.0024%,TOPIX Small 2
20250829,三愛オブリ,8097,卸売業,0.0118%,TOPIX Small 1
20250829,稲畑産業,8098,卸売業,0.0223%,TOPIX Small 1
20250829,ＧＳＩクレオス,8101,卸売業,0.0031%,TOPIX Small 2
20250829,明和産業,8103,卸売業,0.0028%,TOPIX Small 2
20250829,ゴールドウイン,8111,繊維製品,0.0296%,TOPIX Mid400
20250829,ユニ・チャーム,8113,化学,0.1413%,TOPIX Large70
20250829,ワキタ,8125,卸売業,0.0066%,TOPIX Small 2
20250829,東邦ホールディングス,8129,卸売業,0.0341%,TOPIX Mid400
20250829,サンゲツ,8130,卸売業,0.0188%,TOPIX Small 1
20250829,ミツウロコグループホールディングス,8131,卸売業,0.0063%,TOPIX Small 2
20250829,シナネンホールディングス,8132,卸売業,0.0040%,TOPIX Small 2
20250829,伊藤忠エネクス,8133,卸売業,0.0116%,TOPIX Small 1
20250829,サンリオ,8136,卸売業,0.1520%,TOPIX Mid400
20250829,サンワテクノス,8137,卸売業,0.0029%,TOPIX Small 2
20250829,新光商事,8141,卸売業,0.0031%,TOPIX Small 2
20250829,トーホー,8142,卸売業,0.0037%,TOPIX Small 2
20250829,三信電気,8150,卸売業,0.0027%,TOPIX Small 2
20250829,東陽テクニカ,8151,卸売業,0.0036%,TOPIX Small 2
20250829,モスフードサービス,8153,卸売業,0.0142%,TOPIX Small 1
20250829,加賀電子,8154,卸売業,0.0171%,TOPIX Small 1
20250829,都築電気,8157,情報・通信業,0.0042%,TOPIX Small 2
20250829,ソーダニッカ,8158,卸売業,0.0026%,TOPIX Small 2
20250829,立花エレテック,8159,卸売業,0.0042%,TOPIX Small 2
20250829,木曽路,8160,小売業,0.0090%,TOPIX Small 1
20250829,ＳＲＳホールディングス,8163,小売業,0.0052%,TOPIX Small 2
20250829,千趣会,8165,小売業,0.0012%,TOPIX Small 2
20250829,リテールパートナーズ,8167,小売業,0.0051%,TOPIX Small 2
20250829,上新電機,8173,小売業,0.0060%,TOPIX Small 1
20250829,日本瓦斯,8174,小売業,0.0329%,TOPIX Mid400
20250829,ロイヤルホールディングス,8179,小売業,0.0126%,TOPIX Small 1
20250829,チヨダ,8185,小売業,0.0026%,TOPIX Small 2
20250829,ライフコーポレーション,8194,小売業,0.0115%,TOPIX Small 1
20250829,リンガーハット,8200,小売業,0.0071%,TOPIX Small 1
20250829,ＭｒＭａｘＨＤ,8203,小売業,0.0026%,TOPIX Small 2
20250829,ＡＯＫＩホールディングス,8214,小売業,0.0093%,TOPIX Small 1
20250829,オークワ,8217,小売業,0.0034%,TOPIX Small 2
20250829,コメリ,8218,小売業,0.0109%,TOPIX Small 1
20250829,青山商事,8219,小売業,0.0127%,TOPIX Small 1
20250829,しまむら,8227,小売業,0.0620%,TOPIX Mid400
20250829,高島屋,8233,小売業,0.0424%,TOPIX Mid400
20250829,松屋,8237,小売業,0.0049%,TOPIX Small 1
20250829,エイチ・ツー・オー　リテイリング,8242,小売業,0.0246%,TOPIX Mid400
20250829,近鉄百貨店,8244,小売業,0.0026%,TOPIX Small 2
20250829,丸井グループ,8252,小売業,0.0450%,TOPIX Mid400
20250829,クレディセゾン,8253,その他金融業,0.0541%,TOPIX Mid400
20250829,アクシアル　リテイリング,8255,小売業,0.0076%,TOPIX Small 2
20250829,イオン,8267,小売業,0.5285%,TOPIX Large70
20250829,イズミ,8273,小売業,0.0120%,TOPIX Mid400
20250829,フォーバル,8275,卸売業,0.0014%,TOPIX Small 2
20250829,平和堂,8276,小売業,0.0113%,TOPIX Small 1
20250829,フジ,8278,小売業,0.0090%,TOPIX Small 1
20250829,ヤオコー,8279,小売業,0.0263%,TOPIX Mid400
20250829,ゼビオホールディングス,8281,小売業,0.0037%,TOPIX Small 1
20250829,ケーズホールディングス,8282,小売業,0.0225%,TOPIX Mid400
20250829,ＰＡＬＴＡＣ,8283,卸売業,0.0171%,TOPIX Mid400
20250829,三谷産業,8285,卸売業,0.0017%,TOPIX Small 2
20250829,あおぞら銀行,8304,銀行業,0.0357%,TOPIX Mid400
20250829,三菱ＵＦＪフィナンシャル・グループ,8306,銀行業,3.2718%,TOPIX Core30
20250829,りそなホールディングス,8308,銀行業,0.4140%,TOPIX Large70
20250829,三井住友トラストグループ,8309,銀行業,0.3354%,TOPIX Large70
20250829,三井住友フィナンシャルグループ,8316,銀行業,1.8872%,TOPIX Core30
20250829,千葉銀行,8331,銀行業,0.1053%,TOPIX Mid400
20250829,群馬銀行,8334,銀行業,0.0594%,TOPIX Mid400
20250829,武蔵野銀行,8336,銀行業,0.0133%,TOPIX Small 1
20250829,千葉興業銀行,8337,銀行業,0.0081%,TOPIX Small 1
20250829,筑波銀行,8338,銀行業,0.0029%,TOPIX Small 2
20250829,七十七銀行,8341,銀行業,0.0413%,TOPIX Mid400
20250829,秋田銀行,8343,銀行業,0.0053%,TOPIX Small 2
20250829,山形銀行,8344,銀行業,0.0040%,TOPIX Small 2
20250829,岩手銀行,8345,銀行業,0.0053%,TOPIX Small 2
20250829,東邦銀行,8346,銀行業,0.0103%,TOPIX Small 1
20250829,ふくおかフィナンシャルグループ,8354,銀行業,0.0878%,TOPIX Mid400
20250829,スルガ銀行,8358,銀行業,0.0226%,TOPIX Small 1
20250829,八十二銀行,8359,銀行業,0.0734%,TOPIX Mid400
20250829,山梨中央銀行,8360,銀行業,0.0078%,TOPIX Small 2
20250829,大垣共立銀行,8361,銀行業,0.0135%,TOPIX Small 1
20250829,福井銀行,8362,銀行業,0.0040%,TOPIX Small 2
20250829,清水銀行,8364,銀行業,0.0017%,TOPIX Small 2
20250829,滋賀銀行,8366,銀行業,0.0224%,TOPIX Small 1
20250829,南都銀行,8367,銀行業,0.0169%,TOPIX Small 1
20250829,百五銀行,8368,銀行業,0.0177%,TOPIX Small 1
20250829,紀陽銀行,8370,銀行業,0.0235%,TOPIX Small 1
20250829,ほくほくフィナンシャルグループ,8377,銀行業,0.0476%,TOPIX Mid400
20250829,山陰合同銀行,8381,銀行業,0.0190%,TOPIX Small 1
20250829,百十四銀行,8386,銀行業,0.0110%,TOPIX Small 1
20250829,四国銀行,8387,銀行業,0.0047%,TOPIX Small 2
20250829,阿波銀行,8388,銀行業,0.0107%,TOPIX Small 1
20250829,大分銀行,8392,銀行業,0.0064%,TOPIX Small 2
20250829,宮崎銀行,8393,銀行業,0.0063%,TOPIX Small 2
20250829,佐賀銀行,8395,銀行業,0.0038%,TOPIX Small 2
20250829,琉球銀行,8399,銀行業,0.0069%,TOPIX Small 2
20250829,セブン銀行,8410,銀行業,0.0235%,TOPIX Mid400
20250829,みずほフィナンシャルグループ,8411,銀行業,1.4768%,TOPIX Core30
20250829,山口フィナンシャルグループ,8418,銀行業,0.0394%,TOPIX Mid400
20250829,芙蓉総合リース,8424,その他金融業,0.0273%,TOPIX Mid400
20250829,みずほリース,8425,その他金融業,0.0217%,TOPIX Small 1
20250829,東京センチュリー,8439,その他金融業,0.0313%,TOPIX Mid400
20250829,ＳＢＩホールディングス,8473,証券、商品先物取引業,0.2546%,TOPIX Mid400
20250829,日本証券金融,8511,その他金融業,0.0153%,TOPIX Small 1
20250829,アイフル,8515,その他金融業,0.0176%,TOPIX Small 1
20250829,名古屋銀行,8522,銀行業,0.0143%,TOPIX Small 1
20250829,北洋銀行,8524,銀行業,0.0204%,TOPIX Small 1
20250829,愛媛銀行,8541,銀行業,0.0040%,TOPIX Small 2
20250829,京葉銀行,8544,銀行業,0.0123%,TOPIX Small 1
20250829,栃木銀行,8550,銀行業,0.0050%,TOPIX Small 2
20250829,北日本銀行,8551,銀行業,0.0029%,TOPIX Small 2
20250829,東和銀行,8558,銀行業,0.0039%,TOPIX Small 2
20250829,リコーリース,8566,その他金融業,0.0121%,TOPIX Small 1
20250829,イオンフィナンシャルサービス,8570,その他金融業,0.0193%,TOPIX Mid400
20250829,アコム,8572,その他金融業,0.0249%,TOPIX Mid400
20250829,ジャックス,8584,その他金融業,0.0116%,TOPIX Small 1
20250829,オリエントコーポレーション,8585,その他金融業,0.0074%,TOPIX Small 1
20250829,オリックス,8591,その他金融業,0.4964%,TOPIX Large70
20250829,三菱ＨＣキャピタル,8593,その他金融業,0.1370%,TOPIX Mid400
20250829,ジャフコ　グループ,8595,証券、商品先物取引業,0.0173%,TOPIX Mid400
20250829,トモニホールディングス,8600,銀行業,0.0137%,TOPIX Small 1
20250829,大和証券グループ本社,8601,証券、商品先物取引業,0.1861%,TOPIX Mid400
20250829,野村ホールディングス,8604,証券、商品先物取引業,0.4025%,TOPIX Large70
20250829,岡三証券グループ,8609,証券、商品先物取引業,0.0122%,TOPIX Small 1
20250829,丸三証券,8613,証券、商品先物取引業,0.0072%,TOPIX Small 1
20250829,東洋証券,8614,証券、商品先物取引業,0.0031%,TOPIX Small 2
20250829,東海東京フィナンシャル・ホールディングス,8616,証券、商品先物取引業,0.0157%,TOPIX Small 1
20250829,水戸証券,8622,証券、商品先物取引業,0.0034%,TOPIX Small 2
20250829,いちよし証券,8624,証券、商品先物取引業,0.0037%,TOPIX Small 2
20250829,松井証券,8628,証券、商品先物取引業,0.0121%,TOPIX Small 1
20250829,ＳＯＭＰＯホールディングス,8630,保険業,0.4953%,TOPIX Large70
20250829,日本取引所グループ,8697,その他金融業,0.2080%,TOPIX Large70
20250829,マネックスグループ,8698,証券、商品先物取引業,0.0186%,TOPIX Small 1
20250829,極東証券,8706,証券、商品先物取引業,0.0045%,TOPIX Small 1
20250829,岩井コスモホールディングス,8707,証券、商品先物取引業,0.0068%,TOPIX Small 2
20250829,アイザワ証券グループ,8708,証券、商品先物取引業,0.0038%,TOPIX Small 2
20250829,フィデアホールディングス,8713,銀行業,0.0037%,TOPIX Small 2
20250829,池田泉州ホールディングス,8714,銀行業,0.0203%,TOPIX Small 1
20250829,アニコム　ホールディングス,8715,保険業,0.0064%,TOPIX Small 1
20250829,ＭＳ＆ＡＤインシュアランスグループホールディングス,8725,保険業,0.5728%,TOPIX Large70
20250829,スパークス・グループ,8739,証券、商品先物取引業,0.0039%,TOPIX Small 2
20250829,第一生命ホールディングス,8750,保険業,0.5058%,TOPIX Large70
20250829,東京海上ホールディングス,8766,保険業,1.3796%,TOPIX Core30
20250829,イー・ギャランティ,8771,その他金融業,0.0055%,TOPIX Small 1
20250829,ＮＥＣキャピタルソリューション,8793,その他金融業,0.0043%,TOPIX Small 2
20250829,Ｔ＆Ｄホールディングス,8795,保険業,0.2340%,TOPIX Mid400
20250829,アドバンスクリエイト,8798,保険業,0.0006%,TOPIX Small 2
20250829,三井不動産,8801,不動産業,0.4868%,TOPIX Large70
20250829,三菱地所,8802,不動産業,0.4064%,TOPIX Large70
20250829,平和不動産,8803,不動産業,0.0166%,TOPIX Small 1
20250829,東京建物,8804,不動産業,0.0600%,TOPIX Mid400
20250829,京阪神ビルディング,8818,不動産業,0.0059%,TOPIX Small 2
20250829,住友不動産,8830,不動産業,0.2239%,TOPIX Large70
20250829,テーオーシー,8841,不動産業,0.0032%,TOPIX Small 2
20250829,レオパレス２１,8848,不動産業,0.0138%,TOPIX Small 1
20250829,スターツコーポレーション,8850,不動産業,0.0185%,TOPIX Small 1
20250829,フジ住宅,8860,不動産業,0.0022%,TOPIX Small 2
20250829,空港施設,8864,不動産業,0.0033%,TOPIX Small 2
20250829,明和地所,8869,不動産業,0.0020%,TOPIX Small 2
20250829,ゴールドクレスト,8871,不動産業,0.0052%,TOPIX Small 1
20250829,リログループ,8876,サービス業,0.0229%,TOPIX Mid400
20250829,エスリード,8877,不動産業,0.0054%,TOPIX Small 2
20250829,日神グループホールディングス,8881,不動産業,0.0021%,TOPIX Small 2
20250829,エスコン,8892,不動産業,0.0060%,TOPIX Small 1
20250829,ＭＩＲＡＲＴＨホールディングス,8897,不動産業,0.0052%,TOPIX Small 1
20250829,ランド,8918,不動産業,0.0013%,TOPIX Small 2
20250829,カチタス,8919,不動産業,0.0164%,TOPIX Small 1
20250829,東祥,8920,サービス業,0.0014%,TOPIX Small 2
20250829,トーセイ,8923,不動産業,0.0107%,TOPIX Small 1
20250829,サンフロンティア不動産,8934,不動産業,0.0088%,TOPIX Small 1
20250829,ＦＪネクストホールディングス,8935,不動産業,0.0034%,TOPIX Small 2
20250829,グランディハウス,8999,不動産業,0.0012%,TOPIX Small 2
20250829,東武鉄道,9001,陸運業,0.0647%,TOPIX Mid400
20250829,相鉄ホールディングス,9003,陸運業,0.0196%,TOPIX Mid400
20250829,東急,9005,陸運業,0.1196%,TOPIX Mid400
20250829,京浜急行電鉄,9006,陸運業,0.0440%,TOPIX Mid400
20250829,小田急電鉄,9007,陸運業,0.0639%,TOPIX Mid400
20250829,京王電鉄,9008,陸運業,0.0419%,TOPIX Mid400
20250829,京成電鉄,9009,陸運業,0.0543%,TOPIX Mid400
20250829,富士急行,9010,陸運業,0.0060%,TOPIX Small 1
20250829,東日本旅客鉄道,9020,陸運業,0.4569%,TOPIX Large70
20250829,西日本旅客鉄道,9021,陸運業,0.1863%,TOPIX Large70
20250829,東海旅客鉄道,9022,陸運業,0.3464%,TOPIX Large70
20250829,東京地下鉄,9023,陸運業,0.0874%,TOPIX Mid400
20250829,西武ホールディングス,9024,陸運業,0.1334%,TOPIX Mid400
20250829,鴻池運輸,9025,陸運業,0.0133%,TOPIX Small 1
20250829,西日本鉄道,9031,陸運業,0.0148%,TOPIX Mid400
20250829,ハマキョウレックス,9037,陸運業,0.0118%,TOPIX Small 2
20250829,サカイ引越センター,9039,陸運業,0.0085%,TOPIX Small 1
20250829,近鉄グループホールディングス,9041,陸運業,0.0726%,TOPIX Mid400
20250829,阪急阪神ホールディングス,9042,陸運業,0.1325%,TOPIX Mid400
20250829,南海電気鉄道,9044,陸運業,0.0270%,TOPIX Mid400
20250829,京阪ホールディングス,9045,陸運業,0.0383%,TOPIX Mid400
20250829,神戸電鉄,9046,陸運業,0.0015%,TOPIX Small 2
20250829,名古屋鉄道,9048,陸運業,0.0426%,TOPIX Mid400
20250829,山陽電気鉄道,9052,陸運業,0.0037%,TOPIX Small 2
20250829,ヤマトホールディングス,9064,陸運業,0.0694%,TOPIX Mid400
20250829,山九,9065,陸運業,0.0429%,TOPIX Mid400
20250829,日新,9066,倉庫・運輸関連業,0.0043%,TOPIX Small 2
20250829,丸全昭和運輸,9068,陸運業,0.0103%,TOPIX Small 2
20250829,センコーグループホールディングス,9069,陸運業,0.0304%,TOPIX Small 1
20250829,ニッコンホールディングス,9072,陸運業,0.0414%,TOPIX Mid400
20250829,福山通運,9075,陸運業,0.0086%,TOPIX Small 1
20250829,セイノーホールディングス,9076,陸運業,0.0259%,TOPIX Mid400
20250829,神奈川中央交通,9081,陸運業,0.0024%,TOPIX Small 2
20250829,ＡＺ－ＣＯＭ丸和ホールディングス,9090,陸運業,0.0084%,TOPIX Small 1
20250829,日本郵船,9101,海運業,0.2382%,TOPIX Large70
20250829,商船三井,9104,海運業,0.2068%,TOPIX Large70
20250829,川崎汽船,9107,海運業,0.1119%,TOPIX Mid400
20250829,ＮＳユナイテッド海運,9110,海運業,0.0072%,TOPIX Small 1
20250829,飯野海運,9119,海運業,0.0101%,TOPIX Small 1
20250829,九州旅客鉄道,9142,陸運業,0.0713%,TOPIX Mid400
20250829,ＳＧホールディングス,9143,陸運業,0.0611%,TOPIX Mid400
20250829,ＮＩＰＰＯＮ　ＥＸＰＲＥＳＳホールディングス,9147,陸運業,0.0796%,TOPIX Mid400
20250829,日本航空,9201,空運業,0.1646%,TOPIX Mid400
20250829,ＡＮＡホールディングス,9202,空運業,0.1850%,TOPIX Large70
20250829,ビーウィズ,9216,サービス業,0.0009%,TOPIX Small 2
20250829,サンウェルズ,9229,サービス業,0.0009%,TOPIX Small 2
20250829,ＴＲＥホールディングス,9247,サービス業,0.0084%,TOPIX Small 1
20250829,人・夢・技術グループ,9248,サービス業,0.0018%,TOPIX Small 2
20250829,シルバーライフ,9262,小売業,0.0005%,TOPIX Small 2
20250829,Ｇｅｎｋｙ　ＤｒｕｇＳｔｏｒｅｓ,9267,小売業,0.0096%,TOPIX Small 1
20250829,コーア商事ホールディングス,9273,卸売業,0.0017%,TOPIX Small 2
20250829,ＫＰＰグループホールディングス,9274,卸売業,0.0038%,TOPIX Small 1
20250829,ブックオフグループホールディングス,9278,小売業,0.0027%,TOPIX Small 2
20250829,ギフトホールディングス,9279,小売業,0.0042%,TOPIX Small 2
20250829,三菱倉庫,9301,倉庫・運輸関連業,0.0280%,TOPIX Mid400
20250829,三井倉庫ホールディングス,9302,倉庫・運輸関連業,0.0296%,TOPIX Small 1
20250829,住友倉庫,9303,倉庫・運輸関連業,0.0205%,TOPIX Small 1
20250829,澁澤倉庫,9304,倉庫・運輸関連業,0.0047%,TOPIX Small 2
20250829,ヤマタネ,9305,卸売業,0.0058%,TOPIX Small 2
20250829,乾汽船,9308,海運業,0.0047%,TOPIX Small 2
20250829,日本トランスシティ,9310,倉庫・運輸関連業,0.0055%,TOPIX Small 2
20250829,中央倉庫,9319,倉庫・運輸関連業,0.0019%,TOPIX Small 2
20250829,安田倉庫,9324,倉庫・運輸関連業,0.0033%,TOPIX Small 2
20250829,ＮＩＳＳＯホールディングス,9332,サービス業,0.0013%,TOPIX Small 2
20250829,大栄環境,9336,サービス業,0.0173%,TOPIX Small 1
20250829,ＧＥＮＯＶＡ,9341,サービス業,0.0007%,TOPIX Small 2
20250829,日本管財ホールディングス,9347,サービス業,0.0068%,TOPIX Small 2
20250829,上組,9364,倉庫・運輸関連業,0.0444%,TOPIX Mid400
20250829,キユーソー流通システム,9369,倉庫・運輸関連業,0.0044%,TOPIX Small 2
20250829,エーアイテイー,9381,倉庫・運輸関連業,0.0027%,TOPIX Small 2
20250829,日本コンセプト,9386,倉庫・運輸関連業,0.0011%,TOPIX Small 2
20250829,ＴＢＳホールディングス,9401,情報・通信業,0.0615%,TOPIX Mid400
20250829,日本テレビホールディングス,9404,情報・通信業,0.0789%,TOPIX Mid400
20250829,朝日放送グループホールディングス,9405,情報・通信業,0.0021%,TOPIX Small 2
20250829,テレビ朝日ホールディングス,9409,情報・通信業,0.0173%,TOPIX Small 1
20250829,スカパーＪＳＡＴホールディングス,9412,情報・通信業,0.0251%,TOPIX Small 1
20250829,テレビ東京ホールディングス,9413,情報・通信業,0.0064%,TOPIX Small 1
20250829,ビジョン,9416,情報・通信業,0.0060%,TOPIX Small 1
20250829,Ｕ－ＮＥＸＴ　ＨＯＬＤＩＮＧＳ,9418,情報・通信業,0.0161%,TOPIX Small 1
20250829,日本通信,9424,情報・通信業,0.0029%,TOPIX Small 1
20250829,ＮＴＴ,9432,情報・通信業,1.0655%,TOPIX Core30
20250829,ＫＤＤＩ,9433,情報・通信業,0.8241%,TOPIX Core30
20250829,ソフトバンク,9434,情報・通信業,0.8422%,TOPIX Core30
20250829,光通信,9435,情報・通信業,0.1045%,TOPIX Mid400
20250829,エムティーアイ,9438,情報・通信業,0.0012%,TOPIX Small 2
20250829,ＧＭＯインターネットグループ,9449,情報・通信業,0.0294%,TOPIX Mid400
20250829,ファイバーゲート,9450,情報・通信業,0.0006%,TOPIX Small 2
20250829,ＫＡＤＯＫＡＷＡ,9468,情報・通信業,0.0399%,TOPIX Mid400
20250829,学研ホールディングス,9470,情報・通信業,0.0044%,TOPIX Small 1
20250829,ゼンリン,9474,情報・通信業,0.0041%,TOPIX Small 2
20250829,東京電力ホールディングス,9501,電気・ガス業,0.1456%,TOPIX Mid400
20250829,中部電力,9502,電気・ガス業,0.1719%,TOPIX Mid400
20250829,関西電力,9503,電気・ガス業,0.2300%,TOPIX Mid400
20250829,中国電力,9504,電気・ガス業,0.0353%,TOPIX Mid400
20250829,北陸電力,9505,電気・ガス業,0.0212%,TOPIX Mid400
20250829,東北電力,9506,電気・ガス業,0.0687%,TOPIX Mid400
20250829,四国電力,9507,電気・ガス業,0.0296%,TOPIX Mid400
20250829,九州電力,9508,電気・ガス業,0.0823%,TOPIX Mid400
20250829,北海道電力,9509,電気・ガス業,0.0280%,TOPIX Mid400
20250829,沖縄電力,9511,電気・ガス業,0.0058%,TOPIX Small 1
20250829,電源開発,9513,電気・ガス業,0.0485%,TOPIX Mid400
20250829,エフオン,9514,電気・ガス業,0.0007%,TOPIX Small 2
20250829,イーレックス,9517,電気・ガス業,0.0032%,TOPIX Small 2
20250829,レノバ,9519,電気・ガス業,0.0054%,TOPIX Small 1
20250829,東京瓦斯,9531,電気・ガス業,0.2329%,TOPIX Mid400
20250829,大阪瓦斯,9532,電気・ガス業,0.1861%,TOPIX Mid400
20250829,東邦瓦斯,9533,電気・ガス業,0.0377%,TOPIX Mid400
20250829,北海道瓦斯,9534,電気・ガス業,0.0047%,TOPIX Small 2
20250829,広島ガス,9535,電気・ガス業,0.0019%,TOPIX Small 2
20250829,西部ガスホールディングス,9536,電気・ガス業,0.0047%,TOPIX Small 2
20250829,静岡ガス,9543,電気・ガス業,0.0059%,TOPIX Small 1
20250829,メタウォーター,9551,電気・ガス業,0.0091%,TOPIX Small 1
20250829,Ｍ＆Ａ総研ホールディングス,9552,サービス業,0.0042%,TOPIX Small 1
20250829,アイネット,9600,情報・通信業,0.0023%,TOPIX Small 2
20250829,松竹,9601,情報・通信業,0.0187%,TOPIX Small 1
20250829,東宝,9602,情報・通信業,0.1271%,TOPIX Mid400
20250829,エイチ・アイ・エス,9603,サービス業,0.0102%,TOPIX Small 1
20250829,東映,9605,情報・通信業,0.0193%,TOPIX Small 1
20250829,ラックランド,9612,サービス業,0.0014%,TOPIX Small 2
20250829,ＮＴＴデータグループ,9613,情報・通信業,0.2378%,TOPIX Mid400
20250829,共立メンテナンス,9616,サービス業,0.0252%,TOPIX Mid400
20250829,イチネンホールディングス,9619,サービス業,0.0040%,TOPIX Small 2
20250829,建設技術研究所,9621,サービス業,0.0072%,TOPIX Small 2
20250829,スペース,9622,サービス業,0.0023%,TOPIX Small 2
20250829,アインホールディングス,9627,小売業,0.0149%,TOPIX Mid400
20250829,燦ホールディングス,9628,サービス業,0.0029%,TOPIX Small 2
20250829,ピー・シー・エー,9629,情報・通信業,0.0030%,TOPIX Small 2
20250829,スバル興業,9632,サービス業,0.0032%,TOPIX Small 2
20250829,タナベコンサルティンググループ,9644,サービス業,0.0014%,TOPIX Small 2
20250829,ビジネスブレイン太田昭和,9658,情報・通信業,0.0028%,TOPIX Small 2
20250829,ナガワ,9663,サービス業,0.0041%,TOPIX Small 1
20250829,東京都競馬,9672,サービス業,0.0092%,TOPIX Small 1
20250829,カナモト,9678,サービス業,0.0117%,TOPIX Small 1
20250829,ＤＴＳ,9682,情報・通信業,0.0204%,TOPIX Small 1
20250829,スクウェア・エニックス・ホールディングス,9684,情報・通信業,0.1171%,TOPIX Mid400
20250829,シーイーシー,9692,情報・通信業,0.0065%,TOPIX Small 1
20250829,カプコン,9697,情報・通信業,0.1830%,TOPIX Mid400
20250829,ニシオホールディングス,9699,サービス業,0.0082%,TOPIX Small 1
20250829,アイ・エス・ビー,9702,情報・通信業,0.0018%,TOPIX Small 2
20250829,日本空港ビルデング,9706,不動産業,0.0406%,TOPIX Mid400
20250829,トランス・コスモス,9715,サービス業,0.0108%,TOPIX Small 1
20250829,乃村工藝社,9716,サービス業,0.0107%,TOPIX Small 1
20250829,ＳＣＳＫ,9719,情報・通信業,0.0884%,TOPIX Mid400
20250829,藤田観光,9722,サービス業,0.0111%,TOPIX Small 1
20250829,ＫＮＴ－ＣＴホールディングス,9726,サービス業,0.0021%,TOPIX Small 2
20250829,トーカイ,9729,サービス業,0.0045%,TOPIX Small 2
20250829,セコム,9735,サービス業,0.2615%,TOPIX Large70
20250829,ＮＳＷ,9739,情報・通信業,0.0027%,TOPIX Small 2
20250829,セントラル警備保障,9740,サービス業,0.0032%,TOPIX Small 2
20250829,アイネス,9742,情報・通信業,0.0032%,TOPIX Small 2
20250829,丹青社,9743,サービス業,0.0069%,TOPIX Small 1
20250829,メイテックグループホールディングス,9744,サービス業,0.0284%,TOPIX Mid400
20250829,ＴＫＣ,9746,情報・通信業,0.0159%,TOPIX Small 1
20250829,応用地質,9755,サービス業,0.0063%,TOPIX Small 2
20250829,船井総研ホールディングス,9757,サービス業,0.0119%,TOPIX Small 1
20250829,ＮＳＤ,9759,情報・通信業,0.0294%,TOPIX Mid400
20250829,コナミグループ,9766,情報・通信業,0.1929%,TOPIX Mid400
20250829,学究社,9769,サービス業,0.0022%,TOPIX Small 2
20250829,ナック,9788,サービス業,0.0013%,TOPIX Small 2
20250829,福井コンピュータホールディングス,9790,情報・通信業,0.0053%,TOPIX Small 1
20250829,ダイセキ,9793,サービス業,0.0203%,TOPIX Small 1
20250829,ステップ,9795,サービス業,0.0020%,TOPIX Small 2
20250829,泉州電業,9824,卸売業,0.0070%,TOPIX Small 1
20250829,Ｇｅｎｋｉ　Ｇｌｏｂａｌ　Ｄｉｎｉｎｇ　Ｃｏｎｃｅｐｔｓ,9828,小売業,0.0047%,TOPIX Small 1
20250829,トラスコ中山,9830,卸売業,0.0124%,TOPIX Small 1
20250829,ヤマダホールディングス,9831,小売業,0.0347%,TOPIX Mid400
20250829,オートバックスセブン,9832,卸売業,0.0132%,TOPIX Small 1
20250829,モリト,9837,卸売業,0.0030%,TOPIX Small 2
20250829,アークランズ,9842,小売業,0.0131%,TOPIX Small 1
20250829,ニトリホールディングス,9843,小売業,0.1197%,TOPIX Large70
20250829,グルメ杵屋,9850,小売業,0.0020%,TOPIX Small 2
20250829,ケーユーホールディングス,9856,小売業,0.0017%,TOPIX Small 2
20250829,吉野家ホールディングス,9861,小売業,0.0302%,TOPIX Mid400
20250829,加藤産業,9869,卸売業,0.0173%,TOPIX Small 1
20250829,イノテック,9880,電気機器,0.0025%,TOPIX Small 2
20250829,イエローハット,9882,卸売業,0.0127%,TOPIX Small 1
20250829,松屋フーズホールディングス,9887,小売業,0.0080%,TOPIX Small 2
20250829,ＪＢＣＣホールディングス,9889,情報・通信業,0.0084%,TOPIX Small 1
20250829,ＪＫホールディングス,9896,卸売業,0.0023%,TOPIX Small 2
20250829,サガミホールディングス,9900,小売業,0.0074%,TOPIX Small 2
20250829,日伝,9902,卸売業,0.0038%,TOPIX Small 2
20250829,ミロク情報サービス,9928,情報・通信業,0.0036%,TOPIX Small 2
20250829,杉本商事,9932,卸売業,0.0039%,TOPIX Small 2
20250829,因幡電機産業,9934,卸売業,0.0284%,TOPIX Mid400
20250829,王将フードサービス,9936,小売業,0.0169%,TOPIX Small 1
20250829,ミニストップ,9946,小売業,0.0040%,TOPIX Small 2
20250829,アークス,9948,小売業,0.0123%,TOPIX Small 1
20250829,バローホールディングス,9956,小売業,0.0130%,TOPIX Small 1
20250829,東テク,9960,卸売業,0.0078%,TOPIX Small 2
20250829,ミスミグループ本社,9962,卸売業,0.0828%,TOPIX Mid400
20250829,ベルク,9974,小売業,0.0089%,TOPIX Small 1
20250829,大庄,9979,小売業,0.0019%,TOPIX Small 2
20250829,ファーストリテイリング,9983,小売業,0.7614%,TOPIX Core30
20250829,ソフトバンクグループ,9984,情報・通信業,1.8408%,TOPIX Core30
20250829,スズケン,9987,卸売業,0.0433%,TOPIX Mid400
20250829,サンドラッグ,9989,小売業,0.0379%,TOPIX Mid400
20250829,サックスバー　ホールディングス,9990,小売業,0.0018%,TOPIX Small 2
20250829,ジェコス,9991,卸売業,0.0020%,TOPIX Small 2
20250829,ベルーナ,9997,小売業,0.0059%,TOPIX Small 1
（注1）ニューインデックス区分欄には、「TOPIX Core30」、「TOPIX Large70」、「TOPIX Mid400」、「TOPIX Small 1」、「TOPIX Small 2」のいずれかを記載します。,,,,,
　　　それぞれの記載は、以下の指数に組入れられていることを表します。,,,,,
　　　・TOPIX Core30  … TOPIX Core30、 TOPIX 100、 TOPIX 500、 TOPIX 1000,,,,,
　　　・TOPIX Large70 … TOPIX Large70、TOPIX 100、 TOPIX 500、 TOPIX 1000,,,,,
　　　・TOPIX Mid400  … TOPIX Mid400、 TOPIX 500、 TOPIX 1000,,,,,
　　　・TOPIX Small 1 … TOPIX Small、TOPIX Small 500、 TOPIX 1000,,,,,
　　　・TOPIX Small 2 … TOPIX Small (非TOPIX 1000),,,,,
,,,,,
お問い合わせ先,,,,,
株式会社ＪＰＸ総研　インデックスビジネス部　index@jpx.co.jp,,,,,
,,,,,
【免責事項】,,,,,
・本資料の一切の権利は、株式会社ＪＰＸ総研又は株式会社ＪＰＸ総研の関連会社（以下「JPX」という。）に属しており、いかなる目的を問わず、無断複製・転載を禁じます。,,,,,
・JPXが算出する株価指数の指数値及び商標は、JPXの知的財産であり、JPXが算出する株価指数に関するすべての権利はJPXが所有しています。,,,,,
　このため、JPXが算出する株価指数を使用して、ファンドやリンク債などの金融商品を組成、売り出す場合（相対契約によるオプション、スワップ、ワラントなどのデリバティブ取引の対象にする場合を含みます。）など、,,,,,
　JPXが算出する株価指数を商業的に利用する場合には、JPXとのライセンス契約が必要となります。,,,,,
・本資料は、予告なく変更される場合があります。また、本資料に掲載されている情報の作成には万全を期していますが、当該情報の完全性を保証するものではありません。,,,,,
・当社は、本資料及び本資料から得た情報を利用したことにより発生するいかなる費用又は損害等の一切について責任を負いません。,,,,,
