"SC","名称","市場","種別","日付","株価","前日比","前日比(％)","前日終値","始値","高値","安値","出来高","売買代金(千円)","時価総額(百万円)","値幅下限","値幅上限"
"1401","エムビーエス","東証マザ","建設","20220401","503","-3","-0.59","506","496","503","496","1900","946","3889","406","606"
"1431","Lib_Work","東証マザ","建設","20220401","816","-30","-3.55","846","832","832","815","49900","40954","19006","696","996"
"1436","フィット","東証マザ","建設","20220401","898","-32","-3.44","930","924","924","884","25000","22420","3846","780","1080"
"1447","ITbookホールディングス","東証マザ","建設","20220401","580","-45","-7.2","625","625","629","577","567300","336998","12963","525","725"
"2122","インタースペース","東証マザ","サービス","20220401","926","7","0.76","919","919","926","911","2700","2482","6452","769","1069"
"2150","ケアネット","東証マザ","サービス","20220401","817","-49","-5.66","866","836","838","812","1020700","838274","38294","716","1016"
"2158","FRONTEO","東証マザ","サービス","20220401","1955","-77","-3.79","2032","1990","1997","1941","1686700","3309433","76822","1532","2532"
"2160","ジーエヌアイグループ","東証マザ","医薬品","20220401","1385","-8","-0.57","1393","1395","1397","1364","298000","411504","65736","1093","1693"
"2178","トライステージ","東証マザ","サービス","20220401","336","0","0","336","335","336","331","7000","2331","10254","256","416"
"2334","イオレ","東証マザ","サービス","20220401","887","-113","-11.3","1000","955","974","880","104700","94812","2125","700","1300"
"2342","トランスジェニック","東証マザ","サービス","20220401","421","-4","-0.94","425","423","424","416","116500","49073","7312","345","505"
"2351","ASJ","東証マザ","情報通信","20220401","633","11","1.77","622","620","633","617","7800","4892","5033","522","722"
"2370","メディネット","東証マザ","サービス","20220401","51","0","0","51","50","51","50","574900","28823","9907","21","81"
"2385","総医研ホールディングス","東証マザ","サービス","20220401","329","-1","-0.3","330","326","329","320","56800","18388","8606","250","410"
"2402","アマナ","東証マザ","サービス","20220401","571","-8","-1.38","579","572","572","570","2100","1199","3186","479","679"
"2438","アスカネット","東証マザ","サービス","20220401","1356","-48","-3.42","1404","1374","1425","1356","731800","1006849","23681","1104","1704"
"2497","ユナイテッド","東証マザ","サービス","20220401","1895","32","1.72","1863","1860","1909","1837","38600","72889","39333","1463","2263"
"2586","フルッタフルッタ","東証マザ","食料品","20220401","119","3","2.59","116","118","123","114","1848400","218165","3142","66","166"
"2934","ジェイフロンティア","東証マザ","食料品","20220401","2750","-124","-4.31","2874","2873","2915","2734","144700","405674","12964","2374","3375"
"2978","ツクルバ","東証マザ","不動産","20220401","701","-3","-0.43","704","700","708","687","28300","19706","8026","554","854"
"2981","ランディックス","東証マザ","不動産","20220401","2427","74","3.14","2353","2353","2427","2282","5800","13833","6863","1853","2853"
"2983","アールプランナー","東証マザ","不動産","20220401","1565","-16","-1.01","1581","1593","1593","1528","24100","37582","8332","1181","1981"
"2987","タスキ","東証マザ","不動産","20220401","953","-9","-0.94","962","955","960","928","124400","117788","11192","812","1112"
"3063","ジェイグループホールディングス","東証マザ","小売","20220401","549","1","0.18","548","550","550","545","3400","1861","5434","448","648"
"3133","海帆","東証マザ","小売","20220401","334","2","0.6","332","331","337","328","82500","27367","8396","252","412"
"3137","ファンデリー","東証マザ","小売","20220401","318","13","4.26","305","309","318","305","5500","1698","2053","225","385"
"3138","富士山マガジンサービス","東証マザ","小売","20220401","759","10","1.34","749","749","760","749","1100","833","2517","599","899"
"3185","夢展望","東証マザ","小売","20220401","247","-4","-1.59","251","249","249","240","46900","11444","3405","171","331"
"3187","サンワカンパニー","東証マザ","小売","20220401","590","12","2.08","578","574","599","563","51600","30201","11284","478","678"
"3195","ジェネレーションパス","東証マザ","小売","20220401","378","-4","-1.05","382","383","383","378","800","305","3129","302","462"
"3224","ゼネラル・オイスター","東証マザ","小売","20220401","1100","-19","-1.7","1119","1122","1122","1097","1300","1431","4413","819","1419"
"3237","イントランス","東証マザ","不動産","20220401","67","-2","-2.9","69","70","70","66","192400","12958","2488","39","99"
"3261","グランディーズ","東証マザ","不動産","20220401","388","-11","-2.76","399","393","393","386","1400","546","1411","319","479"
"3286","トラストホールディングス","東証マザ","不動産","20220401","298","3","1.02","295","298","298","297","1500","447","1551","215","375"
"3300","アンビション_DX_ホールディングス","東証マザ","不動産","20220401","558","23","4.3","535","545","560","536","24600","13514","3797","435","635"
"3359","cotta","東証マザ","卸売","20220401","521","-6","-1.14","527","527","527","518","6200","3239","5792","427","627"
"3416","ピクスタ","東証マザ","小売","20220401","1369","-41","-2.91","1410","1400","1400","1331","9900","13501","3119","1110","1710"
"3418","バルニバービ","東証マザ","小売","20220401","997","2","0.2","995","1000","1000","990","3400","3380","8732","845","1145"
"3461","パルマ","東証マザ","不動産","20220401","372","5","1.36","367","372","373","367","4200","1556","2475","287","447"
"3474","G-FACTORY","東証マザ","不動産","20220401","415","5","1.22","410","410","415","410","2100","864","2812","330","490"
"3477","フォーライフ","東証マザ","不動産","20220401","1410","0","0","1410","1400","1410","1400","400","563","2820","1110","1710"
"3479","ティーケーピー","東証マザ","不動産","20220401","1304","16","1.24","1288","1270","1307","1261","112700","145244","55054","988","1588"
"3491","GA_technologies","東証マザ","不動産","20220401","1355","5","0.37","1350","1351","1440","1263","523900","718226","48947","1050","1650"
"3496","アズーム","東証マザ","不動産","20220401","6860","-40","-0.58","6900","6890","6990","6680","23500","161084","20454","5900","7900"
"3497","LeTech","東証マザ","不動産","20220401","845","26","3.17","819","821","852","821","5300","4472","2784","669","969"
"3498","霞ヶ関キャピタル","東証マザ","不動産","20220401","2680","-56","-2.05","2736","2705","2715","2571","317700","838490","21854","2236","3240"
"3541","農業総合研究所","東証マザ","卸売","20220401","423","0","0","423","430","437","416","83500","35549","9212","343","503"
"3542","ベガコーポレーション","東証マザ","小売","20220401","646","-13","-1.97","659","648","653","627","11300","7234","6870","559","759"
"3550","スタジオアタオ","東証マザ","小売","20220401","262","2","0.77","260","255","264","253","25200","6520","3678","180","340"
"3556","リネットジャパングループ","東証マザ","小売","20220401","496","-8","-1.59","504","500","503","493","63200","31386","6098","404","604"