INV.1	chk(hCD_gauss2d(), pi())
INV.2	chk(pow(pi(), hCD_e()), cpow(hCD_cquad(def(t) return cexp(C(cos(t), sin(t))) end, 0, 2 * pi(), 200), C(hCD_e(), 0)))
INV.3	chk(pow(pi(), hCD_e()), cpow(hCD_cquad(def(t) return cexp(C(0, t)) end, 0, 2 * pi(), 200), C(hCD_e(), 0)))
INV.4	hCD_solve_xlnx()
INV.6	cscale(cadd(csin(C(0, 2 * log(2))), ccos(C(0, 2 * log(2)))), 2)
INV.7	chk(csub(ccos(C(0, 2 * log(2))), cmul(C(0, 1), csin(C(0, 2 * log(2))))), pow(2, 2))
INV.10	chk(pow(pi(), hCD_e()), 1 / pow(hCD_e(), pi()))
INV.15	chk(exp(hCD_gauss2d()), pow(pi(), hCD_e()))
INV.18	chk(pow(pi(), hCD_e()), cpow(hCD_cquad(def(t) return cexp(C(0 - cos(t), 0 - sin(t))) end, 0, 2 * pi(), 200), C(hCD_e(), 0)))
INV.23	chk(pi() * (1 / sqrt(pi())) * (1 / sqrt(pi())), 1)
INV.24	chk(1 / sqrt(pi()), hCD_mid(def(x) return log(x) end, 0, 1, 4000))
INV.26	hCD_mid(def(x) return x * log(x) end, 0, 1, 2000)
INV.27	chk(hCD_quad(def(x) return x * log(x) end, 1, 2, 100), (4 * log(2) / 2 - 4 / 4) - (0 - 1 / 4))
INV.30	chk(C(hCD_mid(def(x) return x * log(x) * x * log(x) end, 0, 1, 2000), 0), cdiv(C(1, 0), C(0, 2)))
INV.31	C(hCD_mid(def(x) return x * log(x) * x * log(x) end, 0, 1, 2000), hCD_mid(def(y) return sqrt(0 - y * log(y)) end, 0, 1, 4000))
INV.33	chk(cpow(C(-1, 0), C(0.5, 0)), C(0, 1))
INV.38	chk(pow(pi(), hCD_e()), exp(pi()))
INV.39	chk(exp(2 * log(2)) + exp(3 * log(3)) + exp(4 * log(4)) + exp(5 * log(5)), 4 + 27 + 256 + 3125)
INV.42	chk(cpow(C(2, 0), C(0.5, 1)), C(log(exp(2 * log(2))) / log(2), 0))
INV.45	8 * pi() * 6.674e-11 * (1 / pow(C_LIGHT, 3) + 1 / 3)
INV.51	hCD_H([0.5, 0.25, 0.25])
INV.52	(exp(1) + exp(-1)) - (exp(1) - exp(-1))
INV.53	chk((exp(1) + exp(-1)) * (exp(1) - exp(-1)), 0)
INV.57	chk(cscale(csub(ccos(C(0, 2 * log(2))), cmul(C(0, 1), csin(C(0, 2 * log(2))))), 2), 2 * pow(2, 2))
INV.62	chk(hCD_dnum(def(x) return sin(log(x)) end, 2), cos(log(2)) / 2)
INV.78	(((exp(-1.00001) - exp(1.00001)) - (exp(-0.99999) - exp(0.99999))) / ((exp(1.00001) + exp(-1.00001)) - (exp(0.99999) + exp(-0.99999))))
INV.92	chk(beta(2, 3), hCD_quad(def(x) return x * (1 - x) * (1 - x) end, 0, 1, 100))
INV.96	chk(cexp(C(0, pi() / 6)), C(cos(pi() / 6), sin(pi() / 6)))
INV.108	exp(0 - 2 * log(2))
INV.109	hCD_prime_density(1.001)
INV.113	(1 - exp(0 - 2 * log(2))) * (exp(2 * log(2)) - 1)
INV.117	hCD_cquad(def(v) return C(v / sqrt(1 - v * v), v / sqrt(1 - v * v)) end, 0, 0.6, 200)
INV.119	8 * pi() * 6.674e-11 / pow(C_LIGHT, 4) / log(2)
INV.121	2 * hCD_quad(def(x) return sin(2 * x) * sin(2 * x) end, 0, pi(), 200)
INV.128	cmul(cpow(C(0, -1), C(0.5, 0)), C(0, -1))
INV.136	(1 / pow(2 * log(2), 2)) * (2 * 2 * (log(2) + log(3)))
INV.137	log(3 * log(3)) - 2 * sqrt(3 * log(3))
INV.149	chk(cos(1) / ((0 - sin(1)) * cos(1)), 0 - 2 * exp(1 * log(1)))
INV.150	exp(-1) + exp(1)
INV.154	chk(2.5 * gamma(2.5), gamma(3.5))
INV.160	chk(hCD_quad(def(x) return pow(x, 1 - 0.5) * pow(1 - x, 0.5) end, 0, 1, 2000), beta(1.5, 1.5))
INV.161	chk(931395465 * hCD_quad(def(x) return pow(x, 10) * pow(1 - x, 20) end, 0, 1, 400), 931395465 / 931395465)
INV.163	chk(1 / (1 - 0.5) + 1 / (1 + 0.25), hCD_series(0.5, 80) + hCD_series(-0.25, 80))
INV.167	chk(hCD_dnum(def(x) return 1 / (1 - x) end, 0.5), pow(1 / (1 - 0.5), 2))
INV.169	cpow(C(-1, 0), C(0.5, 0))
INV.189	hCD_det3([[1, 2, 3], [0, 1, 4], [5, 6, 0]])
INV.217	chk(2 * gamma(2), 2 * hCD_quad(def(t) return sin(2 * t) * sin(2 * t) end, 0, pi(), 200))
INV.221	1 * C_LIGHT * C_LIGHT
INV.231	(2 + 8) - 2 * sqrt(2 * 8)
INV.235	4 * pi() * pow(1, 3)
INV.262	chk(6.62607015e-34 * 1e15 / 1.602176634e-19, 9.1093837e-31 * C_LIGHT * C_LIGHT / 1.602176634e-19)
INV.263	sqrt(1.054571817e-34 * 6.674e-11 / pow(C_LIGHT, 3))
INV.268	chk(gamma(0.5), gamma_integral(2 - 0.5, 40, 4000))
INV.272	chk(beta(2, 3), gamma(5) / (gamma(2) * gamma(3)))
INV.275	1 * sqrt(0.6 / (1 - 0.6 * 0.6))
INV.284	chk(C(cos(0.7), sin(0.7)), cexp(C(0, 0.7)))
INV.291	chk(2 * 1 - 0.5 * 2 * 0.6 * 0.6, (0 - 0.5 * pow(0.6 / 1, 2) + 2) * 1 * 1)
INV.296	chk(2 * sqrt(0.25 * 3 * 3), 3)
INV.301	0.5 * 2 * 3 * 3 - 0.5 * 4 * 1 * 1
INV.323	chk(hCD_binom(7, 3), hCD_binom(7, 4))
INV.329	chk(hCD_mid(def(x) return x * log(x) end, 0, 1, 1000) * hCD_mid(def(y) return y * log(y) end, 0, 1, 1000), pow(hCD_binom(2, 1), 2))
INV.355	0.5 * 1 * 1e7 * 1e7 + 1 * C_LIGHT * C_LIGHT
INV.359	chk(cos(pi() / 6) * cos(pi() / 6) + sin(pi() / 6) * sin(pi() / 6), 1 * (-1) - 0 * 0)
INV.360	chk(hCD_series(-0.5, 80), 2)
INV.362	chk(hCD_zeta_partial(2, 2000), zeta(2))
INV.363	chk(beta(2, 3), gamma(5) / (gamma(2) * gamma(3)))
INV.364	chk(zeta(1.001), 0)
INV.372	sqrt(1.054571817e-34 * 6.674e-11 / pow(C_LIGHT, 3))
INV.375	8 * pi() * 6.674e-11 / pow(C_LIGHT, 4)
INV.410	chk(hCD_zeta_partial(3, 2000), zeta(3))
INV.413	chk(hCD_dnum(def(t) return log(sin(t)) end, pi() / 6), cos(pi() / 6) / sin(pi() / 6))
INV.420	chk(C(hCD_dnum(def(t) return cos(t) end, 0.7), hCD_dnum(def(t) return sin(t) end, 0.7)), cmul(C(0, 1), cexp(C(0, 0.7))))
INV.439	2 * pi() * 1 * ((26 - 4) / 24)
INV.449	chk(abs(cos(0) - 1) + abs(sin(0)) + abs(sin(0)) + abs(0 - cos(0) + 1), 0)
INV.450	chk(C(cos(pi() / 6) * cos(pi() / 6) - sin(pi() / 6), cos(pi() / 6) - sin(pi() / 6) * sin(pi() / 6)), C(1, -1))
INV.451	chk(hCD_cos_sum(5, 0.3), sin(6 * 0.3 / 2) / sin(0.3 / 2) * cos(5 * 0.3 / 2))
INV.452	chk(hCD_sin_sum(5, 0.3), sin(6 * 0.3 / 2) / sin(0.3 / 2) * sin(5 * 0.3 / 2))
INV.453	chk(cadd(cadd(cdiv(csub(cexp(C(0, 0.7)), cexp(C(0, -0.7))), C(0, 2)), cscale(cadd(cexp(C(0, 0.7)), cexp(C(0, -0.7))), 0.5)), cdiv(csub(cexp(C(0, 0.7)), cexp(C(0, -0.7))), cmul(C(0, 1), cadd(cexp(C(0, 0.7)), cexp(C(0, -0.7)))))), C(sin(0.7) + cos(0.7) + sin(0.7) / cos(0.7), 0))
INV.454	chk(sin(0.0001) / 0.0001 + cos(0.0001) / 0.0001, 1 + 1)
INV.457	chk(2 * sin(pi() / 6) * cos(pi() / 6), 2 * 1 * 0.5 * sin(pi() / 6))
INV.459	6.62607015e-34 / (9.1093837e-31 * 1e6)
INV.462	1 * C_LIGHT * C_LIGHT
INV.471	sqrt(3 * log(3)) / log(3 * log(3))
INV.478	pow(hCD_quad(def(r) return pi() * r * r end, 0, 1, 100), 2)
INV.493	chk((4 / 3 * pi() * pow(2, 3)) / (4 * pi() * pow(2, 2)), (4 * pi() * pow(2, 3)) / (4 * pi() * pow(2, 3)))
INV.511	0.5 * 1 * 1e7 * 1e7 + 1 * C_LIGHT * C_LIGHT
INV.515	sqrt(6.62607015e-34 * 6.674e-11 / pow(C_LIGHT, 3))
INV.516	chk(exp(2.5 * log(2.5)), pow(2.5, 2.5))
INV.519	0 - 0.5 * 1 * 1e7 * 1e7 + 1 * C_LIGHT * C_LIGHT
INV.521	10 * 10 / exp(10 * log(10))
INV.530	chk(hCD_weil_p1(2, 0.1), 1 / ((1 - 0.1) * (1 - 2 * 0.1)))
INV.532	1000 / (1000 + 1)
INV.539	cpow(C(-1, 0), C(0.5, 0))
INV.544	hCD_quad(def(t) return exp(0 - sin(t) * cos(t)) end, 0, pi() / 2, 100) * hCD_quad(def(t) return sin(t) * cos(t) end, 0, pi() / 2, 100)
INV.546	chk(1 / beta(2, 3), gamma(2) * gamma(3) / gamma(5))
INV.547	chk(gamma(5) / (gamma(2) * gamma(3)), beta(2, 3))
INV.550	exp(pi()) - pow(pi(), hCD_e())
INV.551	chk(cdiv(cmul(cscale(cadd(csin(C(0, 2 * log(2))), ccos(C(0, 2 * log(2)))), 2), csub(ccos(C(0, 2 * log(2))), cmul(C(0, 1), csin(C(0, 2 * log(2)))))), cmul(cscale(cadd(csin(C(0, 2 * log(2))), ccos(C(0, 2 * log(2)))), 2), cadd(ccos(C(0, 2 * log(2))), cmul(C(0, 1), csin(C(0, 2 * log(2))))))), C(0, 0))
INV.553	chk(1 / ((5 - 3) * (7 + 13) * (17 - 19) * (23 + 29) * (31 - 37) * (41 + 47) * (51 - 53)), 1 / (2 * 20 * (-2) * 52 * (-6) * 88 * (-2)))
INV.554	chk((beta(2, 3) - 1 / beta(2, 3)) * (beta(2, 3) + 1 / beta(2, 3)), 0)
INV.555	SYMB
INV.556	chk(gamma(2), sqrt(hCD_e()))
INV.557	zeta(-1)
INV.558	cdiv(clog(C(sqrt(1 - 1 / ((1 / 0.6) * (1 / 0.6))), 0)), C(0, 2 * pi()))
INV.560	chk(gamma(5), 3)
INV.561	chk(exp(pi()), pow(pi(), hCD_e()))
INV.562	2 * exp(-1) * exp(-1)
INV.563	chk(pow(2, 2), exp(2 * log(2)))
INV.572	chk(0.25 * 2 * 2, (1 / (2 * 1)) * sqrt(1 + 0.5 * 2) / (0.25 * 2 * 2) - 1 * 1 * (0.25 * 2 * 2))
INV.577	chk(zeta(2), 0.25)
INV.578	zeta(-1)
INV.579	gamma(2) * gamma(-3 + 0.0000001) / gamma(-1 + 0.0000001)
INV.581	chk(hCD_harmonic(10000), 0 - 1 / 12)
INV.582	chk(beta(2, 3), 1 / beta(2, 3))
INV.583	chk(hCD_abel_1p2m3(0.995), 0 - 1 / 12)
S.1	at(hCD_softmax(hCD_z8()), 0)
S.2	cscale(cexp(C(0, 0.7 * 1.66958 * 1 + 0.5 * 1.65002 * 0.5 + 0.9 * log(8) * 0.5)), sqrt(at(hCD_softmax(hCD_z8()), 0)))
S.3	at(hCD_born(hCD_psi(hCD_softmax(hCD_z8()), hCD_theta8())), 0)
S.6	chk(pow(2, -54) * 1e17, 5.55)
S.7	chk(hCD_H(hCD_uniform(8)) + hCD_H(hCD_update(hCD_uniform(8), hCD_softmax(hCD_z8()), 0.5)) + hCD_H(hCD_update(hCD_update(hCD_uniform(8), hCD_softmax(hCD_z8()), 0.5), hCD_softmax(hCD_z8()), 0.5)), 2.0794 + 1.9733 + 1.8364)
S.8	0 - 0.25 * log(0.25)
S.10	chk(hCD_H(hCD_uniform(8)), log(8))
S.12	chk(at(hCD_softmax([2, 1, 0, -1]), 0), at(hCD_softmax_naive([2, 1, 0, -1]), 0))
S.13	chk(at(hCD_softmax(hCD_z8()), 3), 0)
S.14	hCD_H(hCD_softmax(hCD_z8()))
S.15	at(hCD_update(hCD_uniform(8), hCD_softmax(hCD_z8()), 0.5), 0)
S.16	chk(vnorm(hCD_embed(v3(1, 2, 2))), 1)
S.17	0.7 * 1.66958 * 1 + 0.5 * 1.65002 * 0.5 + 0.9 * log(8) * 0.5
S.18	chk(re(cscale(cexp(C(0, 1.3)), sqrt(0.37964))) * re(cscale(cexp(C(0, 1.3)), sqrt(0.37964))) + im(cscale(cexp(C(0, 1.3)), sqrt(0.37964))) * im(cscale(cexp(C(0, 1.3)), sqrt(0.37964))), 0.37964)
S.19	at(hCD_norm([1, 2, 3, 4]), 3)
S.20	hCD_maxdiff([0.1, 0.5, 0.4], [0.2, 0.3, 0.5])
S.21	hCD_zero_count(hCD_softmax(hCD_z8()))
S.22	chk(at(hCD_softmax(hCD_z8()), 0) + hCD_zero_idxsum(hCD_softmax(hCD_z8())), 0.37964 + 3 + 6)
S.23	chk(hCD_H(hCD_uniform(8)), 2.07944)
S.26	chk(at(hCD_softmax([2, 1, 0, -1]), 0) + hCD_H(hCD_update(hCD_uniform(4), hCD_softmax([2, 1, 0, -1]), 0.5)), 0.64391 + 1.28026)
Q.1	at(hCD_softmax([2, 1, 0, -1]), 0)
Q.2	0.7 * 1.66958 * 0.3 + 0.5 * 1.65002 * 0.8 + 0.9 * log(8) * 0.5
Q.3	cscale(cexp(C(0, pi() / 4)), sqrt(0.5))
Q.4	chk(hCD_maxdiff(hCD_born(hCD_psi(hCD_softmax(hCD_z8()), hCD_theta8())), hCD_softmax(hCD_z8())), 0)
Q.8	cscale(cexp(C(0, pi() / 3)), sqrt(0.25))
Q.10	chk(pow(cabs(cscale(cexp(C(0, pi() / 3)), sqrt(0.25))), 2), 0.25)
Q.11	pow(2, 3)
Q.12	chk(at(hCD_uniform(2), 0), 0.5)
Q.16	chk(pow(2, -53) * 1e16, 1.11)
Q.17	chk(at(hCD_softmax([0.5, -1000, 0]), 0) + hCD_zero_idxsum(hCD_softmax([0.5, -1000, 0])), 0.62246 + 1)
Q.19	chk(at(hCD_uniform(pow(2, 3)), 0), pow(2, -3))
EXP.1	2 * 2 + 1
EXP.10	10 / 11 + 25 / 19
EXP.18	1 * 1 * 1 - 0.5 * 1 * 0.6 * 0.6
EXP.19	hCD_cquad(def(v) return C(v / sqrt(1 - v * v), v / sqrt(1 - v * v)) end, 0, 0.8, 200)
EXP.30	chk(log(pow(3, 2.5)), 2.5 * log(3))
EXP.37	chk(beta(2.5, 1.5), gamma(2.5) * gamma(1.5) / gamma(4))
EXP.38	hCD_quad(def(x) return gamma(x) end, 1, 2, 100)
EXP.45	chk(cpow(C(0, 1), C(0, 1)), cpow(cpow(C(0, 1), C(0.5, 0)), cpow(C(0, 1), C(0.5, 0))))
EXP.46	chk(cexp(C(0, pi() / 2)), C(0, 1))
EXP.48	chk((2 * pi() * 3) / (2 * 3), pi())
EXP.58	chk(hCD_expseries(1.5, 30), exp(1.5))
EXP.60	1 / 3 - hCD_quad(def(x) return 1 / x end, 3, 4, 100)
EXP.61	hCD_harmonic(10) - hCD_quad(def(x) return 1 / x end, 1, 11, 200)
EXP.63	chk(hCD_harmonic(10000) - log(10000), 0.5772156649)
EXP.67	chk(hCD_gammaprime(1), 0.5772156649)
EXP.73	1 - sqrt(1 - (2 * 6.674e-11 * 5.972e24 / (C_LIGHT * C_LIGHT)) / 6.371e6)
EXP.74	8 * pi() * 6.674e-11 / pow(C_LIGHT, 4)
EXP.82	chk(gamma(2.5), gamma_integral(2.5, 40, 4000))
EXP.84	chk(cmul(C(0, 1), C(hCD_dnum(def(t) return cos(t) end, 0.7), 0)), C(0, 0 - sin(0.7)))
EXP.87	cmul(cmul(cexp(C(0, 0.7)), C(1, 0)), cexp(C(0, 0.7)))
EXP.97	chk(csin(C(0, 1)), cdiv(C(exp(-1) + exp(1), 0), C(0, 2)))
EXP.100	chk(931395465 * hCD_quad(def(x) return pow(x, 10) * pow(1 - x, 20) end, 0, 1, 400), 931395465 / 931395465)
EXP.103	chk(hCD_dnum(def(x) return 1 / (1 - x) end, 0.5), pow(1 / (1 - 0.5), 2))
EXP.104	chk(hCD_gammaprime(2), hCD_dnum(def(s) return gamma(s) end, 2))
EXP.105	chk(2 * C_LIGHT * C_LIGHT, 2 * 2 * C_LIGHT * C_LIGHT)
EXP.111	0 - 16 * pi() * 6.674e-11 / pow(C_LIGHT, 4)
EXP.114	0 - hCD_gammaprime(1)
EXP.119	chk(hCD_cf([0, 1, 1, 2, 1, 2, 1, 4, 3, 13, 5, 1, 1, 8, 1, 2, 4, 1, 1, 40]), 0.5772156649)
EXP.120	pow(2.71828, 2.828)
EXP.132	pi() * (2 * hCD_quad(def(x) return sin(x) * sin(x) end, 0, pi(), 200))
EXP.141	2 * pi() * 1 * ((26 - 26) / 24)
EXP.143	chk(clog(C(cos(pi() / 6), sin(pi() / 6))), C(log(cos(pi() / 6)), log(sin(pi() / 6))))
EXP.151	chk(hCD_mid(def(x) return x * log(x) * x * log(x) end, 0, 1, 2000), 0.5772156649)
EXP.152	sqrt(1.054571817e-34 * 6.674e-11 / pow(C_LIGHT, 3))
EXP.159	C(0.8 / sqrt(1 - 0.8 * 0.8), 0.8 / sqrt(1 - 0.8 * 0.8))
EXP.176	chk(gamma(4.3), 3.3 * gamma(3.3))
EXP.178	chk(931395465 * fact(10) * fact(20) / fact(31), 931395465 / 931395465)
EXP.185	chk(cadd(C(1 * 1 + 0 * 0, 0), cexp(C(0, 0 - 0.7))), cadd(C(0, 1), C(cos(0.7), 0 - sin(0.7))))
EXP.186	chk(csin(C(0, 1)), C((exp(-1) - exp(1)) / 2, 0))
EXP.188	chk(at(at(hCD_mm2([[cos(0.3), sin(0.3)], [0 - sin(0.3), cos(0.3)]], hCD_rot(0.3)), 0), 0), 1)
EXP.189	chk(hCD_mdiff2(hCD_mm2(hCD_mm2(hCD_rot(0.3), [[1, 0], [0, -1]]), hCD_rot(-0.3)), [[cos(0.6), sin(0.6)], [sin(0.6), 0 - cos(0.6)]]), 0)
EXP.193	chk(pow(1 / 2, 3 - 1), 0 - (2 / 1) * pow(1 / 2, 3))
EXP.194	chk((0 - cos(1)) / ((0 - sin(1)) * cos(1)), 0 - 2 * exp(1 * log(1)))
EXP.197	chk(cpow(cexp(C(0, 0.4)), C(3, 0)), C(cos(3 * 0.4), sin(3 * 0.4)))
EXP.207	chk(log(3 * log(3)), log(3) + log(log(3)))
EXP.209	2 * sqrt(2 * pi() * 6.674e-11 * 1.054571817e-34) + 2 * sqrt(2 * pi() / 3)
EXP.211	chk(cadd(cscale(ccos(C(0, 2 * log(2))), 2), cmul(C(0, 2), csin(C(0, 2 * log(2))))), 2 * exp(0 - 2 * log(2)))
EXP.218	exp(1) + exp(-1)
EXP.223	cscale(cadd(ccos(C(0, 2 * log(2))), cmul(C(0, 1), csin(C(0, 2 * log(2))))), 2)
EXP.226	0 - 0.5 * 1 * 1e7 * 1e7 + 1 * C_LIGHT * C_LIGHT
EXP.227	chk(hCD_dnum(def(x) return pow(x, x) end, 2), exp(2 * log(2)))
EXP.230	chk(cadd(C(0.5, 0), cdiv(C(1, 0), C(0, 2))), C(0, 0))
EXP.234	chk(hCD_gammaprime(1), hCD_dnum(def(s) return gamma(s) end, 1))
EXP.235	chk(hCD_dnum(def(s) return exp(-2) * exp((s - 1) * log(2)) end, 3), exp(-2) * log(2) * pow(2, 3 - 1))
EXP.246	exp(1) + exp(-1)
EXP.247	exp(1) - exp(-1)
