ST.2	chk(hB_ge(log(10 * log(10)), 2 * sqrt(2 * log(2))), 1)
ST.26	chk(hB_ge((2 + 8) / 2, sqrt(2 * 8)), 1)
ST.27	chk(cdiv(cpow(C(2, 0), C(0.5, 1)), C(exp(2 * log(2)), 0)), C(1, 0))
ST.38	0.25 * 2 * 2
ST.48	pow(hB_lp(), 2) / pow(1, 2)
ST.49	chk(sqrt(hB_hbar() * hB_G() / pow(C_LIGHT, 3)) * 100 / 1.616e-33, 1)
ST.50	chk(hB_euler_gamma(), 0.5772156)
ST.55	chk(17, 5 * floor(17 / 5) + mod(17, 5))
ST.58	fact(5) / fact(5 - 2) * 5 * pow(2, 4)
ST.59	chk(hB_quad(def(x) return pow(x, 2 - 1) * pow(1 - x, 3 - 1) end, 0, 1, 20), gamma(2) * gamma(3) / gamma(5))
ST.60	chk(hB_weil(2, 0.2, 100), 1 / (1 - 2 * 0.2))
ST.66	1 / gamma(2 + 1.5)
ST.69	chk(hB_quad(def(x) return pow(x, 1.5) * pow(1 - x, 0.5) end, 0, 1, 2000), gamma(2.5) * gamma(1.5) / gamma(4))
ST.76	pow(2, 0 - 8 * pi() * hB_G() * 1e9)
ST.81	pow(-1, 3) * 1 + pow(-1, 2) * 3 + pow(-1, 1) * 3 + pow(-1, 0) * 4
ST.84	chk(5 - 10 + 10 - 5, 0)
ST.86	chk(hB_ge(log(10) * log(10), 2 * sqrt(2 * log(2))), 1)
ST.88	hB_quad(def(x) return 1 / pow(x * log(x), 2) end, 2, 4, 200)
ST.90	hB_lp()
ST.100	hB_ylogy_root(pow(log(10) * log(10) / 2, 2))
ST.102	chk(hB_ge((3 - 1) * (2 * 2 - 1), 5), 1)
ST.103	chk(hB_ge(1 / 5, (1 / (3 - 1)) * (1 / (2 * 2 - 1))), 1)
ST.104	1 / (3 - 1) + 1 / (2 * 2 - 1)
ST.107	0.25 * 3 * 3
ST.108	chk(gamma(0.5), hB_quad(def(x) return pow(x, 1 - 0.5) * exp(0 - x) end, 0, 40, 2000))
ST.114	chk(hB_ge(1 * 1 + 2 * 2 + 3 * 3 + 1 * 1, (1 + 3) * (1 + 3) + (2 + 1) * (2 + 1)), 1)
ST.116	chk(5 - 10 + 10 - 5, 0)
ST.128	chk(hB_quad(def(x) return 1 * (x - 1) * (x - 3) end, 3, 1, 2), 0 - 1 * pow(3 - 1, 3) / 6)
ST.130	log(10 * log(10)) - 2 * sqrt(2 * log(2))
ST.134	chk(hB_ge(log(2 * log(3)), 2 * sqrt(2 * exp(2))), 1)
ST.137	chk(exp(1 + 1), 2 * sqrt(1 * exp(1)))
ST.138	chk(hB_ge(exp(2 * (1 + 1)) / (4 * 1 * exp(1)), 1), 1)
ST.140	sqrt((2 + 1) / (4 * 2))
ST.141	chk(1 / 4 + 1 / 2, (2 + 1) / (4 * 2))
ST.142	chk(hB_ge(log(2 * 3), 2 * sqrt(3 * 2)), 1)
ST.144	chk(hB_ge(1 / (2 * 3), 4 * pow(3 * 2, -0.5)), 1)
ST.145	chk(hB_ge(log(2) + log(3), 4 * pow(3 * 2, -0.5)), 1)
ST.146	chk(hB_ge(1 / 2 + 1 / 3, 4 * pow(3 * 2, -0.5)), 1)
ST.147	chk(hB_ge(((2 + 3) / (2 * 3)) * 3 * sqrt(2), 4), 1)
ST.148	chk(hB_ge(1 / 4, 2 * sqrt(3) / (2 + 3)), 1)
ST.149	chk(hB_ge(1 / 4, gamma(2 * 3) / gamma(2 + 3)), 1)
ST.150	chk(hB_ge(2 + 3, 2 * sqrt(2 * 3)), 1)
ST.154	chk(1 + 1 / 2, 4 * sqrt((2 + 1) / (4 * 2)))
ST.155	chk(hB_ge(pow(exp(1) + 1, 2), 4 * 1 * exp(1)), 1)
ST.156	abs(1 * 0.5 - 2 * 1 * exp(0.5) + exp(2 * 1 * 0.5)) / sqrt(1 * 1 + 1 * 1)
ST.158	abs(1 + 2 - 4 * 2 * 3) / sqrt(1 * 1 + 1 * 1)
ST.164	chk(hB_ge(log(2 * 3), 2 * sqrt(2 * exp(2))), 1)
ST.181	sqrt(2 * pi() * 1)
ST.185	1 / (1 + 0.5 * cos(pi() / 3))
ST.203	chk(hB_ge(2 + 3, 2 * sqrt(2 * 3)) * hB_ge(2 + 3, 2 * 3), 1)
ST.204	chk(cpow(C(cos(pi() / 6), sin(pi() / 6)), C(3, 0)), C(cos(3 * pi() / 6), sin(3 * pi() / 6)))
ST.205	chk(pow(2, 3), 1 / pow(3, 2))
ST.206	2 * 9.8 - 3 + 5
ST.216	chk(mod(12, 4), 0)
ST.223	hB_det3(1, 2, 3, 0, 1, 4, 5, 6, 0) * 1
ST.224	hB_det3(2, 1, 0, 1, 3, 1, 0, 1, 4)
ST.232	hB_h() * 5e14
ST.248	chk(1.5 * gamma(1.5), 2 * hB_quad(def(t) return pow(abs(sin(2 * t)), 2) end, 0, pi() / 2, 200))
ST.249	hB_rot_limit(0.01)
ST.251	1 * C_LIGHT * C_LIGHT
ST.261	chk(hB_ge(4 + 9, 2 * sqrt(4 * 9)) * hB_ge(0.25 * pow(4 + 9, 2), 4 * 9), 1)
ST.265	4 * pi() * pow(2, 3)
ST.266	chk(1 * exp(0 - 2 * log(2)), pow(2, -2))
ST.271	hB_h() / (9.109e-31 * 1e6)
ST.293	exp(3 * log(3))
ST.294	9.109e-31 * C_LIGHT * C_LIGHT / hB_h()
ST.298	chk(pow(hB_quad(def(x) return exp(0 - x * x) end, -6, 6, 400), 2), pi())
ST.304	chk(gamma(2) * gamma(3) / gamma(5), gamma(5) / (gamma(2) * gamma(3)))
ST.307	sqrt(0.6 * C_LIGHT / (1 - 0.6 * 0.6))
ST.316	chk(C(cos(pi() / 6), sin(pi() / 6)), cexp(C(0, pi() / 6)))
ST.320	9 / (9 + 1)
ST.325	chk(2 * C_LIGHT * C_LIGHT - 0.5 * 2 * 1e8 * 1e8, (0 - 0.5 * pow(1e8 / C_LIGHT, 2) + 2) * C_LIGHT * C_LIGHT)
ST.332	cexp(C(cos(pi() / 6), sin(pi() / 6)))
ST.345	chk(fact(7) / (fact(3) * fact(7 - 3)), fact(7) / (fact(7 - 3) * fact(3)))
ST.360	0.5 * 2 * 3 * 3 - 0.5 * 4 * 1 * 1
ST.372	chk(2 * sqrt(0.25 * 3 * 3), 3)
ST.378	1000 * 9.8 * 2
ST.380	0.5 * 2 * 3 * 3 - 0.5 * 4 * 1 * 1
ST.381	0.25 * 4 * 4
ST.417	chk(hB_geo(0.5, 200), 1 / (1 - 0.5))
ST.442	1 * C_LIGHT * C_LIGHT - 0.5 * 1 * 1e3 * 1e3
ST.445	2 * pi() * 1 * (26 - 4) / 24
ST.448	10 * hB_h() * 5e14
ST.449	chk(hB_ge(0.5 * 1 * 1e3 * 1e3 - 0.5 * 1 * 1 * 1, 1 * C_LIGHT * C_LIGHT - 0.5 * 1 * 1e3 * 1e3), 1)
ST.464	chk(C(cos(pi() / 6) * (pi() / 6) + sin(pi() / 6) * 1, sin(pi() / 6) * (pi() / 6) - cos(pi() / 6) * 1), C(1, -1))
ST.465	chk(C(cos(pi() / 6) * cos(pi() / 6) - sin(pi() / 6), cos(pi() / 6) - sin(pi() / 6) * sin(pi() / 6)), C(1, -1))
ST.466	chk(hB_cossum(5, 0.7), sin(6 * 0.7 / 2) / sin(0.7 / 2) * cos(5 * 0.7 / 2))
ST.467	chk(hB_sinsum(5, 0.7), sin(6 * 0.7 / 2) / sin(0.7 / 2) * sin(5 * 0.7 / 2))
ST.468	chk(hB_trig_euler(0.6), 0)
ST.469	chk(C(sin(0.0001) / 0.0001, cos(0.0001) / 0.0001), C(1, 1))
ST.470	chk(C(cabs(cscale(csub(cexp(C(0, pi() / 6 + 0.00001)), cexp(C(0, pi() / 6 - 0.00001))), 1 / 0.00002)), re(cexp(C(0, pi() / 6)))), C(2, cos(pi() / 6)))
ST.471	(pow(cos(pi() / 6), 2) + sin(pi() / 6) + cos(pi() / 6) - 2 * pow(sin(pi() / 6), 2)) * (1 * (0 - 1) - 0 * 0)
ST.472	chk(2 * sin(pi() / 6) * cos(pi() / 6), 2 * 1 * 0.5 * sin(pi() / 6))
ST.473	hB_rot_limit(0.01)
ST.474	(hB_h() / (9.109e-31 * 1e6)) / 1e-9
ST.481	chk(hB_ge(1 / 2, sqrt(2 * log(2)) / log(10 * log(10))), 1)
ST.483	log(10 * log(10))
ST.484	sqrt(2 * log(2))
ST.490	(1 * 1 / 2) * cos(1) + (2 * 2 / 3) * sin(1)
ST.509	2 * pi() * 2
ST.537	0.5 * 1 * 1e3 * 1e3 + 1 * C_LIGHT * C_LIGHT
ST.541	sqrt(hB_h() * hB_G() / pow(C_LIGHT, 3))
ST.542	chk(exp(2.5 * log(2.5)), pow(2.5, 2.5))
ST.546	0 - 0.5 * 1 * 1e3 * 1e3 + 1 * C_LIGHT * C_LIGHT
ST.549	chk(pow(20, 2) / exp(20 * log(20)), 0)
ST.560	hB_weil_printed(2, 0.2, 100)
ST.563	chk(10000 / (10000 + 1), 1)
ST.573	cpow(C(-1, 0), C(0.5, 0))
ST.579	0.25 * 2 * 2
ST.582	0.5 * 2 * 3e3 * 3e3 + 2 * C_LIGHT * C_LIGHT
ST.587	chk(C(cos(pi() / 6) * 1 - sin(pi() / 6) * 1, sin(pi() / 6) * 1 + cos(pi() / 6) * 1), C(1, -1))
ST.589	chk(4 - 6 + 4, 2)
ST.592	hB_zsum(2, 2000) + 1 / 2001
ST.593	chk(gamma(1.5) * gamma(2.5) / gamma(4), gamma(4) / (gamma(1.5) * gamma(2.5)))
ST.605	sqrt(hB_h() * hB_G() / pow(C_LIGHT, 3))
ST.630	hB_hbar() * 5e14 / 1e-4
ST.652	hB_zsum(3, 1000)
ST.656	chk((log(sin(pi() / 5 + 0.00001)) - log(sin(pi() / 5 - 0.00001))) / 0.00002, cos(pi() / 5) / sin(pi() / 5))
ST.657	chk(hB_geo(0.3, 200), 1 / (1 - 0.3))
ST.659	4 * pi() * hB_G() * 5500
ST.667	C((0 - 0.5 * 1e6 + C_LIGHT * C_LIGHT) * cos(pi() / 4) + (0.5 * 1 * 1 + 0.5 * 1e6) * sin(pi() / 4), 0 - (0 - 0.5 * 1e6 + C_LIGHT * C_LIGHT) * sin(pi() / 4) + (0.5 * 1 * 1 + 0.5 * 1e6) * cos(pi() / 4))
ST.692	exp(0 - pow(sqrt(pi() / 16) * log(3), 2)) * 1 / (3 * log(3))
ST.694	2 * pi() * 1 * ((26 - 10) / 24)
ST.697	chk(cexp(C(0, 1.1)), C(cos(1.1), sin(1.1)))
UFO.1	hB_G() * hB_ME() * 1.2e4 / hB_R0()
UFO.2	chk(cscale(cadd(csin(C(0, 2 * log(2))), ccos(C(0, 2 * log(2)))), 2), C(2 * cosh(2 * log(2)), 0))
UFO.3	1.2e4 * C_LIGHT * C_LIGHT - 0.5 * 1.2e4 * 1e4 * 1e4
UFO.4	chk(csub(ccos(C(0, 2 * log(2))), cmul(C(0, 1), csin(C(0, 2 * log(2))))), C(pow(2, 2), 0))
UFO.5	1 / pow(2 * log(2), 2)
UFO.6	chk(1.0001 * log(1.0001), 0)
UFO.8	(gamma(2) * gamma(3) / gamma(5)) / log(2)
UFO.9	chk(hB_quad(def(x) return pow(x, 3 - 1) * pow(1 - x, 2 - 1) end, 0, 1, 20), gamma(3) * gamma(2) / gamma(5))
UFO.10	(gamma(4.718 + 1) * gamma(1 + 1) / gamma(4.718 + 1 + 1 + 1)) / log(100 + 1)
UFO.11	chk(cosh(1 * log(1)) + cosh(1.5 * log(1.5)) + cosh(2 * log(2)) + cosh(2.5 * log(2.5)) + cosh(3 * log(3)), 1 + 1.1907 + 2.125 + 4.9917 + 13.5185)
UFO.12	chk(5e-10 * pow(3, 3) / 1.35e-8, 1)
UFO.13	hB_G() * hB_ME() * 1.2e4 / hB_R0() * cosh(2 * log(2))
UFO.14	chk(hB_mcoord(hB_R0()), 2)
UFO.15	chk(hB_ge(hB_G() * hB_ME() * 1.2e4 / hB_R0() * cosh(2 * log(2)), hB_G() * hB_ME() * 1.2e4 / hB_R0()), 1)
UFO.16	chk(C((1.2e4 * C_LIGHT * C_LIGHT - 0.5 * 1.2e4 * 1e4 * 1e4) / 1.079e21, 0.5 * 1.2e4 * 1e4 * 1e4 / 6e11), C(1, 1))
UFO.17	5e-10 * pow(5, 5)
UFO.18	chk(exp(pi()) - pow(pi(), exp(1)), 0.6815)
UFO.19	(cosh(2 * log(2)) - 1) * hB_G() * hB_ME() / pow(hB_R0(), 2)
UFO.22	exp(0 - 2 * log(2))
UFO.23	chk(abs(hB_L(0) - 2.125) + abs(hB_L(1000) - 2.1245) + abs(hB_L(5000) - 2.12251) + abs(hB_L(20000) - 2.1151) + abs(hB_L(100000) - 2.07677), 0)
UFO.24	chk(hB_ascent(10), C(607.6, 110.46))
UFO.25	chk(hB_ge(hB_reservoir(2, 5e-10), 0.999), 1)
UFO.26	chk(hB_ge(1, exp(pi()) - pow(pi(), exp(1))), 1)
