ACAFE.3	chk(pow(2, 3) + pow(3, 2) + pow(-1, 5) + pow(-1, 5) + pow(-1, 5), 0)
ACAFE.4	chk(1 / 5 + 1 / 5 + 1 / 5 + 1 / 5 + 1 / 5, 1)
ACAFE.5	hA1_dgamma(2)
ACAFE.6	cscale(cadd(csin(C(0, xlogx(2))), cmul(C(0, 1), ccos(C(0, xlogx(2))))), 2)
ACAFE.7	hA1_dgamma(2)
ACAFE.9	0 - 16 * pi() * 6.6743e-11 / pow(C_LIGHT, 4) * 1
ACAFE.10	8 * pi() * 6.6743e-11 / pow(C_LIGHT, 4) * 1
ACAFE.17	chk(hA1_quad(def(t) return pow(t, 1) * pow(1 - t, 2) end, 0, 1, 200), beta(2, 3))
ACAFE.18	(2 + 8) / 2 - sqrt(2 * 8)
ACAFE.23	pi() * hA1_quad(def(r) return r * r end, 0, 1, 100)
ACAFE.24	chk(pi() * hA1_quad(def(r) return r * r end, 0, 1, 100), hA1_gauss2() * hA1_quad(def(r) return r * r end, 0, 1, 100))
ACAFE.25	chk(pi() * hA1_quad(def(r) return r * r end, 0, 1, 100), 2 * pi() * (pi() * hA1_quad(def(r) return r * r end, 0, 1, 100)))
ACAFE.26	chk(cexp(cmul(C(2 * pi(), 0), C(0, 1))), C(1, 0))
ACAFE.28	C(hA1_primepi(100) / (100 * log(100)), hA1_primepi(100) / (100 * log(100)))
ACAFE.30	chk(hA1_quad(def(x) return 1 * (log(x) + 1) end, 1, exp(1), 200), xlogx(exp(1)) - xlogx(1))
ACAFE.31	1 / xlogx(2)
ACAFE.32	chk((exp(1) + exp(-1)) / (exp(1) - exp(-1)), hA1_quad(def(g) return hA1_dgamma(g) end, 2, 3, 100) / 1)
ACAFE.34	chk(hA1_euler_product(2, 2000), zeta(2))
ACAFE.39	hA1_zeta_winding(0.5, 14.134725, 1, 64)
ACAFE.47	exp(3)
ACAFE.48	exp(1) * 3
ACAFE.49	exp(xlogx(2)) / log(2)
ACAFE.50	chk(cpow(C(2, 0), C(0.5, 1)), exp(xlogx(2)))
ACAFE.51	chk(pow(1 + 1 / 1000000, 1000000), exp(1))
ACAFE.52	chk(2 * exp(1), exp(5))
ACAFE.53	exp(xlogx(2)) / log(2)
ACAFE.55	chk(hA1_gauss2(), pi())
ACAFE.56	pi() * 2 * 2
ACAFE.57	pi() * hA1_quad(def(x) return pow(0 - cos(2 * x) / 2, 2) end, 0, pi(), 200)
ACAFE.58	chk(pi() * hA1_quad(def(x) return pow(0 - cos(2 * x) / 2, 2) end, 0, pi(), 200) - hA1_quad(def(x) return sin(x) end, 0, pi(), 200), beta(2, 2))
ACAFE.61	chk(cexp(C(0, pi() / 6)), C(cos(pi() / 6), sin(pi() / 6)))
ACAFE.62	chk(cmul(C(0, 1), cexp(C(0, 2))), cadd(csin(C(0, log(2))), cmul(C(0, 1), ccos(C(0, log(2))))))
ACAFE.68	sqrt(pow(2, 2) * pow(8, 2))
ACAFE.71	cmul(C(0, 1), C(0.5 * 2 + 2 * 0.5 * 1 + 0.5 * 3, 0))
ACAFE.77	chk((2 * cosh(1 + 0.0001) - 2 * cosh(1 - 0.0001)) / (2 * sinh(1 + 0.0001) - 2 * sinh(1 - 0.0001)), tanh(1))
ACAFE.78	pow(2, 3) - pow(3, 2) + 2
ACAOS.1	chk(hA1_gauss2(), pi())
ACAOS.2	chk(pow(pi(), exp(1)), cpow(hA1_cquad(def(t) return cexp(cis(t)) end, 0, 2 * pi(), 200), C(exp(1), 0)))
ACAOS.3	chk(pow(pi(), exp(1)), cpow(hA1_cquad(def(t) return cis(t) end, 0, 2 * pi(), 200), C(exp(1), 0)))
ACAOS.4	hA1_xlogx_root(1)
ACAOS.5	chk(hA1_cquad(def(t) return cis(0 - t) end, 0, 2 * pi(), 200), pow(pi(), exp(1)))
ACAOS.6	hA1_boxp(2)
ACAOS.7	chk(hA1_box(2), pow(2, 2))
ACAOS.8	chk(hA1_quad(def(u) return exp(0 - u) end, 0, 40, 400), pow(pi(), exp(1)))
ACAOS.9	chk(2, (hA1_quad(def(x) return 1 / pow(x, 2) end, 1, 2, 200) - log(2)) / log(2))
ACAOS.10	chk(pow(2, 3), 1 / pow(3, 2))
ACAOS.11	chk(pow(pi(), exp(1)), exp(pi()) * hA1_quad(def(u) return exp(u) end, -40, 0, 400))
ACAOS.18	chk(exp(pi()), exp(hA1_gauss2()))
ACAOS.19	chk(pow(exp(1), pi()), pow(pi(), exp(1)) * (1 / exp(pi())))
ACAOS.20	chk(1 / exp(pi()), 1 / hA1_quad(def(u) return exp(0 - u) end, 0, 40, 400))
ACAOS.21	chk(exp(pi()), hA1_quad(def(u) return exp(0 - u) end, 0, 40, 400) * hA1_quad(def(u) return exp(u) end, -40, 0, 400))
ACAOS.22	chk(pow(pi(), exp(1)), exp(pi()) * hA1_quad(def(u) return exp(u) end, -40, 0, 400))
ACAOS.23	chk(exp(pi()), pow(pi(), exp(1)) * hA1_quad(def(u) return exp(u) end, -40, 0, 400))
ACAOS.24	chk(pow(pi(), exp(1)), cpow(hA1_cquad(def(t) return cexp(cscale(cis(t), -1)) end, 0, 2 * pi(), 200), C(exp(1), 0)))
ACAOS.25	chk(pow(pi(), exp(1)), 1 / exp(pi()))
ACAOS.26	hA1_boxp(2)
ACAOS.27	chk(hA1_box(2), pow(2, 2))
ACAOS.28	chk(hA1_quad(def(u) return exp(0 - u) end, 0, 40, 400), pow(pi(), exp(1)))
ACAOS.29	chk(log(exp(pi())), log(pow(pow(pi(), exp(1)) * hA1_quad(def(u) return exp(u) end, -40, 0, 400), 2)))
ACAOS.30	chk(pi(), cdiv(hA1_box(2), hA1_boxp(2)))
ACAOS.32	exp(1 / pi())
ACAOS.33	chk(pi() * (1 / sqrt(pi())) * (1 / sqrt(pi())), 1)
ACAOS.34	chk(1 / sqrt(pi()), hA1_quad(def(x) return 1 / log(x) end, 2, 3, 200))
ACAOS.36	C(0, hA1_quad(def(x) return x * log(x) end, 1, exp(1), 200))
ACAOS.38	hA1_quad(def(x) return x * log(x) end, 1, 2, 200)
ACAOS.39	hA1_quad(def(x) return 1 / (x * log(x)) end, 2, 4, 200)
ACAOS.42	chk(hA1_quad(def(x) return 1 / pow(x * log(x), 2) end, 2, 4, 200), cscale(cmul(cmul(C(0, 1), C(0, 1)), C(0, 1)), 0.5))
ACAOS.43	hA1_quad(def(x) return 1 / pow(x * log(x), 2) end, 2, 4, 200) + hA1_quad(def(y) return 1 / sqrt(y * log(y)) end, 2, 4, 200)
ACAOS.44	chk(cexp(C(0, pi() / 2)), C(0, 1))
ACAOS.45	chk(cpow(C(-1, 0), C(0.5, 0)), C(0, 1))
ACAOS.49	chk(cscale(C(0, 1), 1), C(0, 1))
ACAOS.50	chk(cscale(C(0, 1), sin(pi() / 2)), C(-1, 0))
ACAOS.51	chk(C(1 * sin(pi() / 2), 0), C(0, 1))
ACAOS.52	chk(pow(pi(), exp(1)), exp(pi()))
ACAOS.57	hA1_npr_series(0.5, 0.5, 2, 60)
ACAOS.60	cpow(C(0, 1), C(0, 1))
ACAOS.61	hA1_expm_hlogh00(2, 1, 2)
ACAT.1	hA1_kron_trace(list(1, 2, 3, 4), list(2, 0, 1, 1))
ACAT.2	chk(hA1_dgamma(2), hA1_quad(def(x) return 1 / pow(x * log(x), 2) end, 2, 4, 200) + hA1_quad(def(y) return 1 / sqrt(y * log(y)) end, 2, 4, 200))
ACAT.4	chk(pow(5, 2), pow(3, 2) + pow(4, 2))
ACAT.5	chk(hA1_ricci_sphere(1, 2, 0.25, 1000), 1 - 2 * (2 - 1) * 0.25)
ACAT.7	cscale(cis(xlogx(2)), sqrt(2))
ACAT.8	cscale(hA1_cquad(def(x) return cis(xlogx(x)) end, 1, 2, 200), gamma(2))
ACAT.9	zeta(1 - 2) * zeta(2) * zeta(1 + 2)
ACAT.11	8 * pi() * 6.6743e-11 * (1 / pow(C_LIGHT, 3) + 1 / 1)
ACAT.14	chk(hA1_quad(def(x) return 2 * sin(x) * cos(x) end, 0, pi() / 2, 200) * hA1_quad(def(x) return exp(2 * sin(x) * cos(x)) end, 0, pi() / 2, 200), beta(1, 1))
ACAT.16	chk(hA1_gauss2(), pi())
ACAT.17	chk(pow(pi(), exp(1)), cpow(hA1_cquad(def(t) return cexp(cis(t)) end, 0, 2 * pi(), 200), C(exp(1), 0)))
ACAT.18	chk(pow(pi(), exp(1)), cpow(hA1_cquad(def(t) return cis(t) end, 0, 2 * pi(), 200), C(exp(1), 0)))
ACAT.19	hA1_xlogx_root(1)
ACAT.20	chk(hA1_cquad(def(t) return cis(0 - t) end, 0, 2 * pi(), 200), pow(pi(), exp(1)))
ACAT.21	hA1_boxp(2)
ACAT.22	chk(hA1_box(2), pow(2, 2))
ACAT.23	chk(hA1_quad(def(u) return exp(0 - u) end, 0, 40, 400), pow(pi(), exp(1)))
ACAT.24	chk(2, (hA1_quad(def(x) return 1 / pow(x, 2) end, 1, 2, 200) - log(2)) / log(2))
ACAT.25	chk(pow(2, 3), 1 / pow(3, 2))
ACAT.26	chk(pow(pi(), exp(1)), exp(pi()) * hA1_quad(def(u) return exp(u) end, -40, 0, 400))
ACAT.33	chk(exp(pi()), exp(hA1_gauss2()))
ACAT.34	chk(pow(exp(1), pi()), pow(pi(), exp(1)) * (1 / exp(pi())))
ACAT.35	chk(1 / exp(pi()), 1 / hA1_quad(def(u) return exp(0 - u) end, 0, 40, 400))
ACAT.36	chk(exp(pi()), hA1_quad(def(u) return exp(0 - u) end, 0, 40, 400) * hA1_quad(def(u) return exp(u) end, -40, 0, 400))
ACAT.37	chk(pow(pi(), exp(1)), exp(pi()) * hA1_quad(def(u) return exp(u) end, -40, 0, 400))
ACAT.38	chk(exp(pi()), pow(pi(), exp(1)) * hA1_quad(def(u) return exp(u) end, -40, 0, 400))
ACAT.39	chk(pow(pi(), exp(1)), cpow(hA1_cquad(def(t) return cexp(cscale(cis(t), -1)) end, 0, 2 * pi(), 200), C(exp(1), 0)))
ACAT.40	chk(pow(pi(), exp(1)), 1 / exp(pi()))
ACAT.41	hA1_boxp(2)
ACAT.42	chk(hA1_box(2), pow(2, 2))
ACAT.43	chk(hA1_quad(def(u) return exp(0 - u) end, 0, 40, 400), pow(pi(), exp(1)))
ACAT.44	cscale(C(0, 1), -2 * cosh(1))
ACAT.45	chk(hA1_boxp(2), cdiv(C(1, 0), hA1_box(2)))
ACAT.50	hA1_npr_series(0.5, 0.5, 2, 60)
ACAT.53	cpow(C(0, 1), C(0, 1))
ACAT.54	hA1_expm_hlogh00(2, 1, 2)
ACATS.6	(exp(1) + 1 * 1) / 2 - sqrt(exp(1) * 1 * 1)
ACATS.8	chk(hA1_m2dist(hA1_m2mul(hA1_m2mul(hA1_m2real(1 / sqrt(2), 1 / sqrt(2), 1 / sqrt(2), -1 / sqrt(2)), hA1_m2real(0, 1, 1, 0)), hA1_m2real(1 / sqrt(2), 1 / sqrt(2), 1 / sqrt(2), -1 / sqrt(2))), hA1_m2real(1, 0, 0, -1)), 0)
ACATS.9	cexp(csub(C(0, 3.5), C(0, 3.5)))
ACATS.10	at(hA1_m2mul(hA1_m2mul(hA1_m2expm(hA1_m2scale(hA1_m2real(1, 0, 0, -1), C(0, -1))), hA1_m2real(2, 1, 1, 3)), hA1_m2expm(hA1_m2scale(hA1_m2real(1, 0, 0, -1), C(0, 1)))), 1)
ACATS.12	chk(C(exp(0 - xlogx(2)) + exp(xlogx(2)), 0), cmul(C(0, 1), csin(C(0, xlogx(2)))))
